0, 0.0384
0.04, 0.0384
0.0296, 0.0384
0.0296, 0.0392
0.0296, 0.03946666666666667
0.030400000000000003, 0.03946666666666667
0.0328, 0.03946666666666667
0.03424000000000001, 0.03946666666666667
0.0352, 0.03946666666666667
0.0352, 0.039599999999999996
0.035885714285714285, 0.039599999999999996
0.035885714285714285, 0.03968
0.0364, 0.03968
0.036800000000000006, 0.03968
0.036800000000000006, 0.03973333333333333
0.036800000000000006, 0.035885714285714285
0.03552, 0.035885714285714285
0.03552, 0.0364
0.03552, 0.036800000000000006
0.03578181818181818, 0.036800000000000006
0.0352, 0.036800000000000006
0.03556923076923077, 0.036800000000000006
0.03556923076923077, 0.03488
0.035885714285714285, 0.03488
0.035885714285714285, 0.03534545454545455
0.0352, 0.03534545454545455
0.0352, 0.03573333333333334
0.0352, 0.036061538461538464
0.035500000000000004, 0.036061538461538464
0.034164705882352944, 0.036061538461538464
0.034164705882352944, 0.03634285714285714
0.034164705882352944, 0.03552
0.034164705882352944, 0.0334
0.034164705882352944, 0.033694117647058826
0.032622222222222226, 0.033694117647058826
0.032622222222222226, 0.03404444444444445
0.03258947368421053, 0.03404444444444445
0.03128, 0.03404444444444445
0.030000000000000006, 0.03404444444444445
0.030000000000000006, 0.03404444444444445
0.02928, 0.03404444444444445
0.02928, 0.03435789473684211
0.02928, 0.03435789473684211
0.02928, 0.03304
0.02928, 0.03304
0.02928, 0.03312
0.02928, 0.03312
0.02928, 0.03312
0.0284, 0.03312
0.027280000000000002, 0.03312
0.027280000000000002, 0.03312
0.027280000000000002, 0.03312
0.027280000000000002, 0.03312
0.027280000000000002, 0.03312
0.028079999999999997, 0.03312
0.028079999999999997, 0.03312
0.028080000000000008, 0.03312
0.028080000000000008, 0.034159999999999996
0.02864, 0.034159999999999996
0.02864, 0.034159999999999996
0.027039999999999998, 0.034159999999999996
0.027039999999999998, 0.034159999999999996
0.027039999999999998, 0.034159999999999996
0.027039999999999998, 0.03528
0.027039999999999998, 0.03528
0.027039999999999998, 0.03528
0.026080000000000006, 0.03528
0.025759999999999995, 0.03528
0.027120000000000005, 0.03528
0.027120000000000005, 0.03528
0.028800000000000003, 0.03528
0.028800000000000003, 0.03352
0.0292, 0.03352
0.0292, 0.034319999999999996
0.03088, 0.034319999999999996
0.03088, 0.03624
0.032159999999999994, 0.03624
0.032159999999999994, 0.03631999999999999
0.032159999999999994, 0.03632
0.032159999999999994, 0.035519999999999996
0.032159999999999994, 0.03536
0.0324, 0.03536
0.0324, 0.03488
0.033519999999999994, 0.03488
0.03184, 0.03488
0.03184, 0.033519999999999994
0.03184, 0.03159999999999999
0.03184, 0.03159999999999999
0.03184, 0.031200000000000002
0.03184, 0.031200000000000002
0.02992, 0.031200000000000002
0.02992, 0.031200000000000002
0.0304, 0.031200000000000002
0.02992, 0.031200000000000002
0.02992, 0.031200000000000002
0.02992, 0.03152
0.02992, 0.03152
0.029999999999999995, 0.03152
0.029999999999999995, 0.03152
0.029999999999999995, 0.03152
0.031599999999999996, 0.03152
0.031599999999999996, 0.03152
0.031599999999999996, 0.03152
0.033280000000000004, 0.03152
0.03359999999999999, 0.03152
0.03359999999999999, 0.03152
0.03359999999999999, 0.03152
0.03359999999999999, 0.03048
0.03359999999999999, 0.02912
0.032, 0.02912
0.032, 0.03088
0.032, 0.03088
0.032, 0.03088
0.032, 0.03088
0.031120000000000002, 0.03088
0.031120000000000002, 0.03088
0.031120000000000002, 0.03088
0.03192, 0.03088
0.031439999999999996, 0.03088
0.031439999999999996, 0.03088
0.031439999999999996, 0.03072
0.031439999999999996, 0.03152
0.031439999999999996, 0.03144
0.031439999999999996, 0.031920000000000004
0.031439999999999996, 0.03288
0.03312, 0.03288
0.03312, 0.03288
0.03312, 0.03376
0.03312, 0.03336
0.03312, 0.03216
0.03504, 0.03216
0.035199999999999995, 0.03216
0.03504, 0.03216
0.033519999999999994, 0.03216
0.033519999999999994, 0.030480000000000004
0.033519999999999994, 0.029040000000000003
0.033519999999999994, 0.028480000000000002
0.03272, 0.028480000000000002
0.03168, 0.028480000000000002
0.03168, 0.02848
0.03168, 0.028480000000000002
0.03016, 0.028480000000000002
0.03016, 0.02664
0.03016, 0.025920000000000002
0.03016, 0.02728
0.03016, 0.02728
0.03016, 0.02728
0.03016, 0.02728
0.02872, 0.02728
0.02872, 0.026719999999999997
0.02872, 0.025279999999999997
0.02872, 0.024319999999999994
0.027919999999999997, 0.024319999999999994
0.027919999999999997, 0.02448
0.02952, 0.02448
0.02952, 0.02448
0.02952, 0.02448
0.02952, 0.02448
0.02952, 0.024399999999999998
0.02952, 0.024319999999999998
0.02952, 0.02368
0.0304, 0.02368
0.0304, 0.02472
0.0304, 0.025119999999999996
0.0296, 0.025119999999999996
0.0296, 0.025119999999999996
0.028319999999999998, 0.025119999999999996
0.028319999999999998, 0.025119999999999996
0.028319999999999998, 0.026719999999999997
0.028319999999999998, 0.026719999999999997
0.028319999999999998, 0.026719999999999997
0.028559999999999995, 0.026719999999999997
0.028559999999999995, 0.028399999999999998
0.028559999999999995, 0.029839999999999995
0.028559999999999995, 0.0304
0.028879999999999996, 0.0304
0.030399999999999996, 0.0304
0.030399999999999996, 0.0304
0.030239999999999996, 0.0304
0.03056, 0.0304
0.0304, 0.0304
0.0304, 0.028720000000000002
0.0304, 0.028880000000000003
0.0304, 0.03048
0.0304, 0.03048
0.029759999999999998, 0.03048
0.028399999999999998, 0.03048
0.028399999999999998, 0.03048
0.028399999999999998, 0.03056
0.02984, 0.03056
0.02984, 0.032
0, 0.0384
0.04, 0.0384
0.0296, 0.0384
0.0296, 0.0392
0.0296, 0.03946666666666667
0.0256, 0.03946666666666667
0.0292, 0.03946666666666667
0.03136, 0.03946666666666667
0.03136, 0.039599999999999996
0.032799999999999996, 0.039599999999999996
0.032799999999999996, 0.03968
0.03382857142857143, 0.03968
0.0346, 0.03968
0.0346, 0.03973333333333333
0.0346, 0.035885714285714285
0.03342222222222222, 0.035885714285714285
0.03342222222222222, 0.0364
0.033920000000000006, 0.0364
0.033920000000000006, 0.03537777777777778
0.03345454545454546, 0.03537777777777778
0.03345454545454546, 0.035840000000000004
0.034, 0.035840000000000004
0.034, 0.03418181818181818
0.03446153846153846, 0.03418181818181818
0.03446153846153846, 0.034666666666666665
0.034285714285714294, 0.034666666666666665
0.034285714285714294, 0.035076923076923075
0.03402666666666667, 0.035076923076923075
0.03440000000000001, 0.035076923076923075
0.03440000000000001, 0.035428571428571434
0.03440000000000001, 0.034666666666666665
0.03440000000000001, 0.0326
0.03440000000000001, 0.03294117647058823
0.032752941176470596, 0.03294117647058823
0.032752941176470596, 0.032711111111111114
0.032752941176470596, 0.03309473684210527
0.031288888888888894, 0.03309473684210527
0.030400000000000003, 0.03309473684210527
0.029840000000000005, 0.03309473684210527
0.02872, 0.03309473684210527
0.02872, 0.03344
0.029759999999999998, 0.03344
0.03088, 0.03344
0.03088, 0.03192
0.03088, 0.03192
0.03088, 0.03192
0.03088, 0.03192
0.03088, 0.03192
0.03, 0.03192
0.02888, 0.03192
0.02888, 0.03192
0.02888, 0.03192
0.02888, 0.03192
0.02888, 0.033280000000000004
0.02888, 0.033280000000000004
0.02888, 0.033280000000000004
0.029679999999999998, 0.033280000000000004
0.029759999999999998, 0.033280000000000004
0.0296, 0.033280000000000004
0.0296, 0.03287999999999999
0.0296, 0.03288
0.029520000000000005, 0.03288
0.029520000000000005, 0.03368
0.029520000000000005, 0.03368
0.027920000000000004, 0.03368
0.028319999999999998, 0.03368
0.028319999999999998, 0.03368
0.028800000000000003, 0.03368
0.028800000000000003, 0.03368
0.028800000000000003, 0.034480000000000004
0.028800000000000003, 0.034480000000000004
0.028800000000000003, 0.036399999999999995
0.028800000000000003, 0.036399999999999995
0.030160000000000006, 0.036399999999999995
0.03144, 0.036399999999999995
0.03144, 0.036480000000000005
0.03248, 0.036480000000000005
0.03248, 0.03704
0.033600000000000005, 0.03704
0.033600000000000005, 0.03704
0.033600000000000005, 0.03704
0.03359999999999999, 0.03704
0.03359999999999999, 0.037840000000000006
0.03359999999999999, 0.03608000000000001
0.03359999999999999, 0.035840000000000004
0.033280000000000004, 0.035840000000000004
0.033280000000000004, 0.03584
0.033280000000000004, 0.03584
0.033280000000000004, 0.03536
0.034159999999999996, 0.03536
0.033600000000000005, 0.03536
0.033600000000000005, 0.034
0.033600000000000005, 0.034
0.033600000000000005, 0.034
0.033600000000000005, 0.03208
0.033600000000000005, 0.03312
0.033600000000000005, 0.03312
0.033600000000000005, 0.03312
0.0332, 0.03312
0.0316, 0.03312
0.03232, 0.03312
0.0324, 0.03312
0.0324, 0.03344
0.034, 0.03344
0.034, 0.03344
0.034, 0.03344
0.034, 0.03344
0.034, 0.03344
0.03568, 0.03344
0.03568, 0.03296
0.036000000000000004, 0.03296
0.036000000000000004, 0.032959999999999996
0.036000000000000004, 0.03152
0.0344, 0.03152
0.0344, 0.03152
0.0344, 0.03152
0.0344, 0.03152
0.0344, 0.03152
0.0344, 0.03152
0.0344, 0.03152
0.03472, 0.03152
0.03424000000000001, 0.03152
0.03424000000000001, 0.03152
0.03424000000000001, 0.03136
0.03424000000000001, 0.032159999999999994
0.03424000000000001, 0.03208
0.03424000000000001, 0.032319999999999995
0.03424000000000001, 0.031920000000000004
0.03424000000000001, 0.032400000000000005
0.03424000000000001, 0.03216
0.03424000000000001, 0.031760000000000004
0.03424000000000001, 0.031760000000000004
0.03424000000000001, 0.033280000000000004
0.03424000000000001, 0.03168
0.03592, 0.03168
0.03568, 0.03168
0.033920000000000006, 0.03168
0.032799999999999996, 0.03168
0.032799999999999996, 0.03168
0.0344, 0.03168
0.0344, 0.03168
0.0344, 0.03168
0.033600000000000005, 0.03168
0.03255999999999999, 0.03168
0.03255999999999999, 0.03216
0.032560000000000006, 0.03216
0.032560000000000006, 0.03032
0.032560000000000006, 0.03032
0.032560000000000006, 0.03152
0.032560000000000006, 0.03152
0.031200000000000002, 0.03152
0.031200000000000002, 0.03152
0.031200000000000002, 0.03152
0.031200000000000002, 0.03152
0.031200000000000002, 0.03152
0.031200000000000002, 0.03152
0.031200000000000002, 0.03152
0.032799999999999996, 0.03152
0.032799999999999996, 0.03168
0.032799999999999996, 0.03168
0.032799999999999996, 0.03168
0.03136, 0.03168
0.03136, 0.031120000000000002
0.03136, 0.03152
0.03136, 0.03056
0.03056, 0.03056
0.03056, 0.03096
0.02984, 0.03096
0.02984, 0.03096
0.02984, 0.03096
0.02984, 0.032479999999999995
0.02984, 0.032479999999999995
0.02984, 0.03288
0.03008, 0.03288
0.03008, 0.033280000000000004
0.03184, 0.033280000000000004
0.03184, 0.03488
0.032560000000000006, 0.03488
0.030799999999999998, 0.03488
0.031599999999999996, 0.03488
0.031599999999999996, 0.03488
0.03264, 0.03488
0.03264, 0.03488
0.03264, 0.03488
0.03264, 0.034879999999999994
0.03264, 0.03488
0.03264, 0.03488
0.03264, 0.03488
0.03264, 0.036719999999999996
0.03304, 0.036719999999999996
0.03232, 0.036719999999999996
0.03064, 0.036719999999999996
0.03064, 0.03528
0.03064, 0.033600000000000005
0.03064, 0.033440000000000004
0.03064, 0.03344
0.03, 0.03344
0.02864, 0.03344
0.02864, 0.03344
0.02864, 0.03344
0.02864, 0.03152
0, 0.0384
0.04, 0.0384
0.0296, 0.0384
0.0296, 0.0392
0.030933333333333334, 0.0392
0.0248, 0.0392
0.027839999999999997, 0.0392
0.029866666666666666, 0.0392
0.029866666666666666, 0.03946666666666667
0.03131428571428572, 0.03946666666666667
0.03131428571428572, 0.039599999999999996
0.03131428571428572, 0.03968
0.030600000000000002, 0.03968
0.03164444444444445, 0.03968
0.03164444444444445, 0.03973333333333333
0.03164444444444445, 0.035885714285714285
0.03248, 0.035885714285714285
0.031709090909090916, 0.035885714285714285
0.031709090909090916, 0.0364
0.032266666666666666, 0.0364
0.032266666666666666, 0.03537777777777778
0.032266666666666666, 0.035840000000000004
0.032, 0.035840000000000004
0.032, 0.03621818181818182
0.03257142857142857, 0.03621818181818182
0.03257142857142857, 0.036533333333333334
0.03257142857142857, 0.035076923076923075
0.03306666666666667, 0.035076923076923075
0.03306666666666667, 0.035428571428571434
0.0335, 0.035428571428571434
0.03322352941176471, 0.035428571428571434
0.03322352941176471, 0.03573333333333333
0.03322352941176471, 0.036000000000000004
0.033600000000000005, 0.036000000000000004
0.033600000000000005, 0.03623529411764706
0.033600000000000005, 0.035555555555555556
0.033600000000000005, 0.03477894736842105
0.033600000000000005, 0.03408
0.03216842105263158, 0.03408
0.03216842105263158, 0.034159999999999996
0.03216842105263158, 0.034159999999999996
0.032560000000000006, 0.034159999999999996
0.03216, 0.034159999999999996
0.03152, 0.034159999999999996
0.03056, 0.034159999999999996
0.031200000000000002, 0.034159999999999996
0.031200000000000002, 0.034159999999999996
0.03008, 0.034159999999999996
0.03008, 0.034159999999999996
0.03008, 0.034159999999999996
0.03008, 0.03255999999999999
0.03008, 0.03255999999999999
0.03008, 0.032560000000000006
0.0308, 0.032560000000000006
0.0308, 0.033920000000000006
0.0308, 0.033920000000000006
0.02992, 0.033920000000000006
0.0288, 0.033920000000000006
0.0296, 0.033920000000000006
0.0296, 0.034559999999999994
0.0296, 0.034559999999999994
0.0296, 0.034559999999999994
0.029679999999999998, 0.034559999999999994
0.029679999999999998, 0.034559999999999994
0.03024, 0.034559999999999994
0.03024, 0.034559999999999994
0.029520000000000005, 0.034559999999999994
0.029520000000000005, 0.033999999999999996
0.029520000000000005, 0.034
0.029520000000000005, 0.034
0.03, 0.034
0.03, 0.034
0.03, 0.03368
0.03, 0.03368
0.02840000000000001, 0.03368
0.030080000000000006, 0.03368
0.02872000000000001, 0.03368
0.029120000000000004, 0.03368
0.030800000000000004, 0.03368
0.030800000000000004, 0.034480000000000004
0.032080000000000004, 0.034480000000000004
0.032080000000000004, 0.03544
0.032080000000000004, 0.036399999999999995
0.032080000000000004, 0.03464
0.033120000000000004, 0.03464
0.03424000000000001, 0.03464
0.03424000000000001, 0.03464
0.03424000000000001, 0.03464
0.03423999999999999, 0.03464
0.03424000000000001, 0.03464
0.03424000000000001, 0.03464
0.03512, 0.03464
0.03512, 0.03464
0.036239999999999994, 0.03464
0.036239999999999994, 0.036239999999999994
0.036239999999999994, 0.036239999999999994
0.03624, 0.036239999999999994
0.03624, 0.036239999999999994
0.03624, 0.03544
0.03624, 0.03368
0.03624, 0.03319999999999999
0.03624, 0.03319999999999999
0.03456000000000001, 0.03319999999999999
0.03416, 0.03319999999999999
0.033280000000000004, 0.03319999999999999
0.033280000000000004, 0.03312
0.033280000000000004, 0.031199999999999995
0.033280000000000004, 0.031199999999999995
0.033280000000000004, 0.03159999999999999
0.033280000000000004, 0.030879999999999998
0.033280000000000004, 0.028959999999999996
0.03208, 0.028959999999999996
0.03208, 0.029279999999999994
0.03208, 0.028879999999999996
0.03208, 0.027919999999999993
0.03368, 0.027919999999999993
0.03368, 0.027759999999999993
0.03368, 0.027759999999999993
0.03288, 0.027759999999999993
0.03304, 0.027759999999999993
0.031119999999999995, 0.027759999999999993
0.03104, 0.027759999999999993
0.03104, 0.027759999999999993
0.03104, 0.029519999999999994
0.03064, 0.029519999999999994
0.02904, 0.029519999999999994
0.02904, 0.029519999999999994
0.02904, 0.029519999999999994
0.02904, 0.029519999999999994
0.02904, 0.02952
0.02904, 0.02952
0.02904, 0.02952
0.02904, 0.02952
0.02904, 0.02952
0.02904, 0.02912
0.02904, 0.02752
0.02904, 0.02648
0.02904, 0.025920000000000002
0.02744, 0.025920000000000002
0.02744, 0.027680000000000003
0.02744, 0.028159999999999998
0.02744, 0.02824
0.026959999999999998, 0.02824
0.02864, 0.02824
0.02864, 0.030160000000000006
0.02904, 0.030160000000000006
0.029759999999999998, 0.030160000000000006
0.029759999999999998, 0.030160000000000006
0.029759999999999998, 0.03144
0.03104, 0.03144
0.03056, 0.03144
0.03056, 0.03216
0.03056, 0.03408
0.03056, 0.03408
0.03056, 0.034480000000000004
0.03056, 0.03359999999999999
0.03056, 0.033600000000000005
0.03136, 0.033600000000000005
0.03136, 0.0332
0.032560000000000006, 0.0332
0.034480000000000004, 0.0332
0.034480000000000004, 0.0328
0.034480000000000004, 0.031200000000000002
0.03456000000000001, 0.031200000000000002
0.034319999999999996, 0.031200000000000002
0.03296, 0.031200000000000002
0.03304, 0.031200000000000002
0.03304, 0.031200000000000002
0.03304, 0.030160000000000006
0.03304, 0.03056
0.03304, 0.03056
0.03304, 0.03216
0.032240000000000005, 0.03216
0.031200000000000002, 0.03216
0.031200000000000002, 0.0332
0.031200000000000002, 0.03456000000000001
0.031200000000000002, 0.03456000000000001
0.031200000000000002, 0.03272
0.031200000000000002, 0.03096
0.031200000000000002, 0.030959999999999998
0.031200000000000002, 0.030959999999999998
0.03144, 0.030959999999999998
0.031920000000000004, 0.030959999999999998
0.031920000000000004, 0.03096
0.031920000000000004, 0.029679999999999995
0.031920000000000004, 0.029679999999999995
0.031920000000000004, 0.029679999999999995
0.031920000000000004, 0.029679999999999995
0.031920000000000004, 0.029679999999999995
0.031920000000000004, 0.029679999999999995
0.032799999999999996, 0.029679999999999995
0.032799999999999996, 0.029679999999999998
0.032799999999999996, 0.029679999999999998
0.032799999999999996, 0.029679999999999998
0.033280000000000004, 0.029679999999999998
0.033280000000000004, 0.03096
0.033280000000000004, 0.029679999999999998
0.033280000000000004, 0.02912
0.033280000000000004, 0.02912
0.033280000000000004, 0.02952
0.033280000000000004, 0.02952
0.033280000000000004, 0.031120000000000002
0.033280000000000004, 0.031120000000000002
0.03232, 0.031120000000000002
0.03128, 0.031120000000000002
0.03128, 0.032159999999999994
0.03152, 0.032159999999999994
0.03152, 0.032159999999999994
0.03248, 0.032159999999999994
0.03248, 0.0316
0.034, 0.0316
0.032240000000000005, 0.0316
0.03304, 0.0316
0.03408, 0.0316
0.03408, 0.0316
0.03408, 0.02992
0.03408, 0.02992
0.03408, 0.0288
0.03544, 0.0288
0.03544, 0.029759999999999998
0.03544, 0.03152
0.03423999999999999, 0.03152
0.03239999999999999, 0.03152
0.03239999999999999, 0.03152
0.03239999999999999, 0.03152
0.03239999999999999, 0.032799999999999996
0.030959999999999998, 0.032799999999999996
0.030959999999999998, 0.032799999999999996
0.030959999999999998, 0.032799999999999996
0.029999999999999995, 0.032799999999999996
0.02928, 0.032799999999999996
0.0276, 0.032799999999999996
0.0276, 0.03264
0.0276, 0.0308
0.0276, 0.0308
0.0276, 0.0308
0.0276, 0.03136
0.02696, 0.03136
0.026559999999999997, 0.03136
0.026559999999999997, 0.032799999999999996
0.026559999999999997, 0.033280000000000004
0.027600000000000003, 0.033280000000000004
0.027600000000000003, 0.033280000000000004
0, 0.0384
0.04, 0.0384
0.04, 0.0392
0.04, 0.03946666666666667
0.0288, 0.03946666666666667
0.03253333333333333, 0.03946666666666667
0.0344, 0.03946666666666667
0.035519999999999996, 0.03946666666666667
0.03439999999999999, 0.03946666666666667
0.03439999999999999, 0.039599999999999996
0.03439999999999999, 0.03424000000000001
0.03291428571428571, 0.03424000000000001
0.03359999999999999, 0.03424000000000001
0.03306666666666666, 0.03424000000000001
0.03306666666666666, 0.03146666666666667
0.03375999999999999, 0.03146666666666667
0.03375999999999999, 0.03268571428571429
0.030836363636363627, 0.03268571428571429
0.030836363636363627, 0.030000000000000006
0.030836363636363627, 0.031111111111111117
0.030533333333333322, 0.031111111111111117
0.030533333333333322, 0.032
0.030533333333333322, 0.02938181818181818
0.030533333333333322, 0.030266666666666667
0.030533333333333322, 0.03003076923076923
0.030646153846153837, 0.03003076923076923
0.028914285714285705, 0.03003076923076923
0.027946666666666658, 0.03003076923076923
0.027399999999999994, 0.03003076923076923
0.0268235294117647, 0.03003076923076923
0.0268235294117647, 0.03074285714285714
0.027555555555555545, 0.03074285714285714
0.027555555555555545, 0.029226666666666665
0.028210526315789467, 0.029226666666666665
0.028210526315789467, 0.029899999999999996
0.027919999999999993, 0.029899999999999996
0.027919999999999993, 0.030494117647058824
0.027919999999999993, 0.031022222222222222
0.02704, 0.031022222222222222
0.027039999999999998, 0.031022222222222222
0.027039999999999998, 0.031022222222222222
0.027039999999999998, 0.03149473684210526
0.027039999999999998, 0.03192
0.027039999999999998, 0.032
0.02704, 0.032
0.02704, 0.032
0.02544, 0.032
0.026000000000000006, 0.032
0.026000000000000006, 0.032
0.0268, 0.032
0.0268, 0.032
0.0268, 0.03336
0.026879999999999998, 0.03336
0.026879999999999998, 0.034480000000000004
0.025760000000000005, 0.034480000000000004
0.025439999999999997, 0.034480000000000004
0.025439999999999997, 0.034480000000000004
0.025439999999999997, 0.03592
0.02736, 0.03592
0.02736, 0.03592
0.02736, 0.03592
0.028000000000000004, 0.03592
0.028000000000000004, 0.03696000000000001
0.027360000000000002, 0.03696000000000001
0.027360000000000002, 0.03696000000000001
0.027360000000000002, 0.03504
0.027360000000000002, 0.03568
0.02864, 0.03568
0.02864, 0.03567999999999999
0.02928, 0.03567999999999999
0.028800000000000003, 0.03567999999999999
0.028800000000000003, 0.03567999999999999
0.0288, 0.03567999999999999
0.0288, 0.03728
0.02856, 0.03728
0.02944, 0.03728
0.03056, 0.03728
0.03056, 0.03728
0.03056, 0.036800000000000006
0.03056, 0.036800000000000006
0.03056, 0.036800000000000006
0.03056, 0.0368
0.03168, 0.0368
0.03168, 0.0368
0.03168, 0.03664
0.03168, 0.03664
0.03168, 0.03664
0.03032, 0.03664
0.029679999999999998, 0.03664
0.029679999999999998, 0.03664
0.029679999999999998, 0.03624
0.03136, 0.03624
0.03144, 0.03624
0.029679999999999998, 0.03624
0.028160000000000004, 0.03624
0.029200000000000004, 0.03624
0.029200000000000004, 0.03624
0.03008, 0.03624
0.02904, 0.03624
0.02904, 0.03624
0.02904, 0.0344
0.02944, 0.0344
0.02944, 0.034159999999999996
0.02944, 0.03416
0.03104, 0.03416
0.03104, 0.03416
0.03104, 0.03416
0.03104, 0.033600000000000005
0.03104, 0.03296
0.03104, 0.033920000000000006
0.03024, 0.033920000000000006
0.03024, 0.033920000000000006
0.03136, 0.033920000000000006
0.03136, 0.033920000000000006
0.03136, 0.033920000000000006
0.03136, 0.0328
0.03136, 0.033280000000000004
0.03136, 0.033280000000000004
0.03136, 0.032
0.03056, 0.032
0.03056, 0.032
0.03104, 0.032
0.03104, 0.032
0.03104, 0.032
0.03104, 0.032159999999999994
0.0324, 0.032159999999999994
0.0324, 0.032159999999999994
0.03208, 0.032159999999999994
0.03136, 0.032159999999999994
0.03136, 0.032
0.03136, 0.0324
0.03136, 0.032400000000000005
0.03072, 0.032400000000000005
0.03072, 0.032
0.03072, 0.032240000000000005
0.030959999999999998, 0.032240000000000005
0.030959999999999998, 0.03056
0, 0.02666666666666667
0.03333333333333333, 0.02666666666666667
0.02333333333333333, 0.02666666666666667
0.02333333333333333, 0.030000000000000002
0.02333333333333333, 0.031111111111111107
0.025185185185185185, 0.031111111111111107
0.02722222222222222, 0.031111111111111107
0.028444444444444442, 0.031111111111111107
0.028444444444444442, 0.03083333333333333
0.028444444444444442, 0.03133333333333333
0.02925925925925926, 0.03133333333333333
0.029841269841269842, 0.03133333333333333
0.029841269841269842, 0.03166666666666666
0.029841269841269842, 0.027619047619047613
0.028194444444444446, 0.027619047619047613
0.028194444444444446, 0.02833333333333333
0.02802469135802469, 0.02833333333333333
0.02722222222222222, 0.02833333333333333
0.027777777777777776, 0.02833333333333333
0.027777777777777776, 0.026543209876543204
0.02824074074074074, 0.026543209876543204
0.02824074074074074, 0.026222222222222216
0.02824074074074074, 0.025151515151515147
0.027777777777777776, 0.025151515151515147
0.027777777777777776, 0.02583333333333333
0.027380952380952377, 0.02583333333333333
0.027380952380952377, 0.02641025641025641
0.027380952380952377, 0.025317460317460315
0.027380952380952377, 0.024888888888888887
0.027380952380952377, 0.02423611111111111
0.025851851851851848, 0.02423611111111111
0.025851851851851848, 0.02477124183006536
0.025851851851851848, 0.025246913580246912
0.024513888888888884, 0.025246913580246912
0.023660130718954245, 0.025246913580246912
0.02302469135802469, 0.025246913580246912
0.02302469135802469, 0.025672514619883038
0.0235672514619883, 0.025672514619883038
0.0235672514619883, 0.024666666666666667
0.024055555555555552, 0.024666666666666667
0.024055555555555552, 0.025
0.02288888888888889, 0.025
0.02288888888888889, 0.025
0.02288888888888889, 0.025
0.023, 0.025
0.022444444444444444, 0.025
0.022444444444444444, 0.025
0.022444444444444444, 0.025166666666666667
0.022444444444444444, 0.025166666666666667
0.022444444444444447, 0.025166666666666667
0.022444444444444447, 0.025166666666666667
0.02166666666666667, 0.025166666666666667
0.022166666666666668, 0.025166666666666667
0.022166666666666668, 0.025166666666666667
0.022166666666666668, 0.026166666666666664
0.022166666666666668, 0.026166666666666664
0.021111111111111112, 0.026166666666666664
0.021111111111111112, 0.02588888888888889
0.020555555555555556, 0.02588888888888889
0.020555555555555556, 0.02638888888888889
0.020555555555555556, 0.02638888888888889
0.020555555555555556, 0.02733333333333333
0.020555555555555556, 0.02733333333333333
0.021111111111111115, 0.02733333333333333
0.021111111111111115, 0.02733333333333333
0.02022222222222222, 0.02733333333333333
0.021444444444444443, 0.02733333333333333
0.022888888888888893, 0.02733333333333333
0.022888888888888893, 0.02733333333333333
0.02377777777777778, 0.02733333333333333
0.023444444444444445, 0.02733333333333333
0.023444444444444445, 0.028444444444444442
0.023444444444444445, 0.029166666666666667
0.022222222222222223, 0.029166666666666667
0.022222222222222223, 0.029166666666666667
0.022222222222222223, 0.030111111111111102
0.022222222222222223, 0.030111111111111102
0.02338888888888889, 0.030111111111111102
0.02338888888888889, 0.028888888888888888
0.02338888888888889, 0.02738888888888889
0.023444444444444445, 0.02738888888888889
0.023444444444444445, 0.02816666666666667
0.024222222222222225, 0.02816666666666667
0.02277777777777778, 0.02816666666666667
0.02277777777777778, 0.026944444444444444
0.02277777777777778, 0.025333333333333333
0.02277777777777778, 0.025333333333333333
0.02277777777777778, 0.025333333333333333
0.02277777777777778, 0.025333333333333333
0.02277777777777778, 0.025333333333333333
0.023, 0.025333333333333333
0.02222222222222222, 0.025333333333333333
0.023611111111111107, 0.025333333333333333
0.02483333333333333, 0.025333333333333333
0.024611111111111108, 0.025333333333333333
0.02316666666666667, 0.025333333333333333
0.02316666666666667, 0.025333333333333333
0.02316666666666667, 0.025333333333333333
0.02316666666666667, 0.025333333333333333
0.024611111111111108, 0.025333333333333333
0.024611111111111108, 0.02522222222222222
0.024833333333333332, 0.02522222222222222
0.024833333333333332, 0.02522222222222222
0.02388888888888889, 0.02522222222222222
0.023111111111111114, 0.02522222222222222
0.023111111111111114, 0.026555555555555554
0.023111111111111114, 0.025555555555555557
0.023111111111111114, 0.024333333333333335
0.023111111111111114, 0.024333333333333335
0.023111111111111114, 0.024333333333333335
0.024500000000000004, 0.024333333333333335
0.025722222222222223, 0.024333333333333335
0.024833333333333332, 0.024333333333333335
0.024833333333333332, 0.024333333333333335
0.024833333333333332, 0.024333333333333335
0.025666666666666667, 0.024333333333333335
0.025666666666666667, 0.02405555555555556
0.025666666666666667, 0.02266666666666667
0.025666666666666667, 0.02266666666666667
0.025666666666666667, 0.02388888888888889
0.025666666666666667, 0.02538888888888889
0.025666666666666667, 0.024444444444444446
0.025666666666666667, 0.025666666666666664
0.024444444444444446, 0.025666666666666664
0.025444444444444447, 0.025666666666666664
0.024555555555555556, 0.025666666666666664
0.024555555555555556, 0.025666666666666664
0.024555555555555556, 0.026722222222222224
0.024555555555555556, 0.02561111111111111
0.02511111111111111, 0.02561111111111111
0.025777777777777778, 0.02561111111111111
0.024555555555555553, 0.02561111111111111
0.023222222222222217, 0.02561111111111111
0.023444444444444445, 0.02561111111111111
0.023444444444444445, 0.02561111111111111
0.024055555555555556, 0.02561111111111111
0.023055555555555555, 0.02561111111111111
0.023055555555555555, 0.025388888888888888
0.023055555555555555, 0.02538888888888889
0.023055555555555555, 0.02538888888888889
0.023055555555555555, 0.024444444444444442
0.023055555555555555, 0.02294444444444444
0.023055555555555555, 0.022944444444444444
0.023055555555555555, 0.023888888888888887
0.023055555555555555, 0.02372222222222222
0.023055555555555555, 0.0235
0.023055555555555555, 0.023444444444444445
0.023055555555555555, 0.023444444444444445
0.024, 0.023444444444444445
0.023777777777777776, 0.023444444444444445
0.023777777777777776, 0.023055555555555555
0.023777777777777776, 0.022055555555555557
0.023777777777777776, 0.022500000000000003
0.023, 0.022500000000000003
0.023, 0.022500000000000003
0.022111111111111113, 0.022500000000000003
0.023000000000000003, 0.022500000000000003
0.023, 0.022500000000000003
0.023, 0.021333333333333333
0.023, 0.020833333333333332
0.023, 0.020777777777777777
0.023, 0.020722222222222222
0.023, 0.020722222222222222
0.023, 0.02127777777777778
0.02338888888888889, 0.02127777777777778
0.02233333333333333, 0.02127777777777778
0.02322222222222222, 0.02127777777777778
0.02322222222222222, 0.02238888888888889
0.02322222222222222, 0.02238888888888889
0.023222222222222217, 0.02238888888888889
0.02366666666666667, 0.02238888888888889
0.02366666666666667, 0.02238888888888889
0.02366666666666667, 0.022611111111111113
0.02366666666666667, 0.022611111111111113
0.024888888888888887, 0.022611111111111113
0.024888888888888887, 0.024166666666666666
0.025277777777777777, 0.024166666666666666
0.0245, 0.024166666666666666
0.023888888888888887, 0.024166666666666666
0.023888888888888887, 0.02422222222222222
0.023888888888888887, 0.02277777777777778
0.023888888888888887, 0.02283333333333333
0.023888888888888887, 0.024222222222222218
0.024166666666666663, 0.024222222222222218
0.023222222222222217, 0.024222222222222218
0.023222222222222217, 0.024444444444444442
0.023222222222222217, 0.024444444444444442
0.023222222222222217, 0.02288888888888889
0, 0.0096
0.02, 0.0096
0.0124, 0.0096
0.0124, 0.0148
0.0124, 0.016533333333333334
0.011066666666666667, 0.016533333333333334
0.0125, 0.016533333333333334
0.0125, 0.0151
0.0125, 0.01544
0.011279999999999998, 0.01544
0.012733333333333333, 0.01544
0.013771428571428572, 0.01544
0.013771428571428572, 0.0162
0.012850000000000002, 0.0162
0.012850000000000002, 0.015885714285714284
0.012850000000000002, 0.0149
0.012850000000000002, 0.013644444444444443
0.012850000000000002, 0.013119999999999998
0.012222222222222223, 0.013119999999999998
0.013000000000000003, 0.013119999999999998
0.013000000000000003, 0.012327272727272727
0.013636363636363637, 0.012327272727272727
0.013636363636363637, 0.012433333333333331
0.013166666666666669, 0.012433333333333331
0.013166666666666669, 0.012984615384615383
0.01273846153846154, 0.012984615384615383
0.012085714285714286, 0.012984615384615383
0.012085714285714286, 0.012485714285714287
0.012085714285714286, 0.012906666666666667
0.012085714285714286, 0.012175
0.011386666666666666, 0.012175
0.010775000000000002, 0.012175
0.010352941176470589, 0.012175
0.010022222222222224, 0.012175
0.010022222222222224, 0.01263529411764706
0.010547368421052632, 0.01263529411764706
0.010547368421052632, 0.012044444444444444
0.01102, 0.012044444444444444
0.01102, 0.012044444444444444
0.01102, 0.012463157894736843
0.01102, 0.01266
0.01102, 0.01236
0.01102, 0.01232
0.011779999999999999, 0.01232
0.01236, 0.01232
0.01252, 0.01232
0.01252, 0.011899999999999997
0.01252, 0.011720000000000001
0.013199999999999998, 0.011720000000000001
0.01294, 0.011720000000000001
0.012199999999999999, 0.011720000000000001
0.012199999999999999, 0.011879999999999996
0.012199999999999999, 0.01138
0.012199999999999999, 0.011099999999999999
0.01288, 0.011099999999999999
0.01288, 0.01134
0.01262, 0.01134
0.011779999999999999, 0.01134
0.011779999999999999, 0.012159999999999997
0.011779999999999999, 0.01274
0.011779999999999999, 0.01274
0.011779999999999999, 0.01352
0.011460000000000001, 0.01352
0.012, 0.01352
0.01282, 0.01352
0.01282, 0.013600000000000001
0.01298, 0.013600000000000001
0.01366, 0.013600000000000001
0.01448, 0.013600000000000001
0.01448, 0.01362
0.01436, 0.01362
0.01436, 0.01432
0.01436, 0.01432
0.01436, 0.014280000000000001
0.01436, 0.01432
0.01436, 0.013999999999999999
0.01428, 0.013999999999999999
0.01428, 0.0149
0.013340000000000001, 0.0149
0.01298, 0.0149
0.01298, 0.014280000000000001
0.01298, 0.013920000000000002
0.012960000000000001, 0.013920000000000002
0.012960000000000001, 0.013980000000000001
0.012040000000000002, 0.013980000000000001
0.012040000000000002, 0.01318
0.012040000000000002, 0.01262
0.012040000000000002, 0.013260000000000001
0.012040000000000002, 0.012520000000000002
0.012040000000000002, 0.012520000000000002
0.012040000000000002, 0.012900000000000002
0.0123, 0.012900000000000002
0.0123, 0.013080000000000003
0.012440000000000001, 0.013080000000000003
0.0118, 0.013080000000000003
0.0127, 0.013080000000000003
0.013039999999999998, 0.013080000000000003
0.01252, 0.013080000000000003
0.01246, 0.013080000000000003
0.01246, 0.01344
0.01246, 0.012479999999999998
0.01252, 0.012479999999999998
0.01252, 0.012479999999999998
0.01252, 0.012479999999999998
0.01328, 0.012479999999999998
0.01328, 0.011859999999999999
0.01328, 0.01194
0.01328, 0.01194
0.01328, 0.01194
0.01262, 0.01194
0.01262, 0.012040000000000002
0.011899999999999999, 0.012040000000000002
0.01252, 0.012040000000000002
0.01252, 0.01294
0.01158, 0.01294
0.011659999999999998, 0.01294
0.012600000000000002, 0.01294
0.012600000000000002, 0.013119999999999998
0.012520000000000002, 0.013119999999999998
0.01254, 0.013119999999999998
0.01254, 0.012719999999999999
0.01254, 0.012939999999999998
0.01254, 0.013279999999999998
0.013460000000000001, 0.013279999999999998
0.013460000000000001, 0.013439999999999999
0.0131, 0.013439999999999999
0.01286, 0.013439999999999999
0.01336, 0.013439999999999999
0.01336, 0.01428
0.01336, 0.01466
0.013840000000000002, 0.01466
0.01298, 0.01466
0.0125, 0.01466
0.01214, 0.01466
0.01214, 0.01444
0.01276, 0.01444
0.01276, 0.01504
0.012080000000000002, 0.01504
0.012080000000000002, 0.014439999999999998
0.012080000000000002, 0.014839999999999997
0.011340000000000001, 0.014839999999999997
0.011340000000000001, 0.013879999999999998
0.01134, 0.013879999999999998
0.01224, 0.013879999999999998
0.01224, 0.013939999999999998
0.01224, 0.013519999999999999
0.01224, 0.013239999999999997
0.01224, 0.012919999999999996
0.01224, 0.012119999999999995
0.012960000000000001, 0.012119999999999995
0.012960000000000001, 0.011699999999999997
0.012960000000000001, 0.01134
0.01324, 0.01134
0.01418, 0.01134
0.01418, 0.01134
0.01418, 0.01048
0.01418, 0.01004
0.01418, 0.00994
0.01418, 0.00984
0.01394, 0.00984
0.01394, 0.01004
0.013619999999999998, 0.01004
0.013619999999999998, 0.010279999999999997
0.013619999999999998, 0.009840000000000002
0.013619999999999998, 0.009879999999999998
0.013139999999999999, 0.009879999999999998
0.013039999999999998, 0.009879999999999998
0.013039999999999998, 0.0101
0.013039999999999998, 0.009419999999999998
0.013039999999999998, 0.009960000000000002
0.01298, 0.009960000000000002
0.01298, 0.00948
0.012719999999999999, 0.00948
0.01282, 0.00948
0.01282, 0.01044
0.01226, 0.01044
0.01226, 0.01134
0.01242, 0.01134
0.01242, 0.011159999999999998
0.0134, 0.011159999999999998
0.0139, 0.011159999999999998
0.01332, 0.011159999999999998
0.01402, 0.011159999999999998
0.01402, 0.01206
0.01472, 0.01206
0.01376, 0.01206
0.01376, 0.01254
0.012959999999999998, 0.01254
0.012959999999999998, 0.013340000000000001
0.012959999999999998, 0.013760000000000001
0.012959999999999998, 0.013760000000000001
0.012959999999999998, 0.01412
0.012219999999999998, 0.01412
0.012219999999999998, 0.01472
0.011539999999999996, 0.01472
0.011539999999999996, 0.01472
0.011539999999999996, 0.01496
0.011539999999999996, 0.0152
0.011539999999999996, 0.015700000000000002
0.011119999999999998, 0.015700000000000002
0.011540000000000002, 0.015700000000000002
0.011540000000000002, 0.015700000000000002
0.01202, 0.015700000000000002
0.01202, 0.01558
0.01202, 0.0155
0, 0.0384
0.04, 0.0384
0.04, 0.0392
0.04, 0.0368
0.04, 0.0368
0.04, 0.037599999999999995
0.04, 0.037599999999999995
0.04, 0.037599999999999995
0.04, 0.037599999999999995
0.04, 0.038079999999999996
0.04, 0.038079999999999996
0.04, 0.0384
0.04, 0.0384
0.04, 0.0384
0.04, 0.03862857142857143
0.04, 0.0354
0.03822222222222222, 0.0354
0.03822222222222222, 0.03591111111111111
0.0384, 0.03591111111111111
0.03752727272727273, 0.03591111111111111
0.037733333333333334, 0.03591111111111111
0.037733333333333334, 0.03408
0.03790769230769231, 0.03408
0.03790769230769231, 0.03461818181818181
0.03748571428571429, 0.03461818181818181
0.03748571428571429, 0.03506666666666666
0.03765333333333334, 0.03506666666666666
0.03765333333333334, 0.03544615384615384
0.03765333333333334, 0.034628571428571425
0.03765333333333334, 0.03242666666666666
0.03765333333333334, 0.032799999999999996
0.0357, 0.032799999999999996
0.0357, 0.0332235294117647
0.0357, 0.03359999999999999
0.0357, 0.033936842105263154
0.0357, 0.03423999999999999
0.033976470588235295, 0.03423999999999999
0.03288888888888889, 0.03423999999999999
0.03208421052631579, 0.03423999999999999
0.03248, 0.03423999999999999
0.03248, 0.03423999999999999
0.031200000000000002, 0.03423999999999999
0.031200000000000002, 0.034319999999999996
0.031200000000000002, 0.034319999999999996
0.031200000000000002, 0.034319999999999996
0.031200000000000002, 0.034319999999999996
0.031199999999999995, 0.034319999999999996
0.031199999999999995, 0.03472
0.031199999999999995, 0.03472
0.031200000000000002, 0.03472
0.031200000000000002, 0.03472
0.031200000000000002, 0.03472
0.031200000000000002, 0.03472
0.03128, 0.03472
0.03128, 0.03472
0.031200000000000002, 0.03472
0.031200000000000002, 0.03472
0.031200000000000002, 0.03575999999999999
0.031760000000000004, 0.03575999999999999
0.031760000000000004, 0.03575999999999999
0.031760000000000004, 0.03575999999999999
0.030400000000000003, 0.03575999999999999
0.030400000000000003, 0.03688
0.030800000000000004, 0.03688
0.030800000000000004, 0.036879999999999996
0.030800000000000004, 0.036879999999999996
0.029440000000000004, 0.036879999999999996
0.029440000000000004, 0.036879999999999996
0.031120000000000005, 0.036879999999999996
0.031120000000000005, 0.0376
0.0328, 0.0376
0.034080000000000006, 0.0376
0.03336, 0.0376
0.032, 0.0376
0.031200000000000002, 0.0376
0.031200000000000002, 0.039520000000000007
0.03248, 0.039520000000000007
0.03136, 0.039520000000000007
0.03136, 0.037840000000000006
0.03136, 0.037840000000000006
0.03136, 0.037840000000000006
0.03136, 0.037840000000000006
0.03136, 0.037840000000000006
0.03136, 0.037840000000000006
0.03136, 0.037840000000000006
0.03136, 0.037840000000000006
0.03136, 0.037840000000000006
0.03136, 0.037840000000000006
0.03136, 0.037840000000000006
0.03136, 0.037840000000000006
0.031119999999999995, 0.037840000000000006
0.031119999999999995, 0.037840000000000006
0.029759999999999998, 0.037840000000000006
0.028079999999999997, 0.037840000000000006
0.028079999999999997, 0.036480000000000005
0.028079999999999997, 0.03456000000000001
0.028079999999999997, 0.034559999999999994
0.028079999999999997, 0.03456000000000001
0.028079999999999997, 0.034879999999999994
0.027280000000000002, 0.034879999999999994
0.027440000000000003, 0.034879999999999994
0.027440000000000003, 0.034879999999999994
0.027440000000000003, 0.034879999999999994
0.027440000000000003, 0.034879999999999994
0.0284, 0.034879999999999994
0.0268, 0.034879999999999994
0.0268, 0.034879999999999994
0.0268, 0.034879999999999994
0.026799999999999997, 0.034879999999999994
0.026799999999999997, 0.034879999999999994
0.02864, 0.034879999999999994
0.03, 0.034879999999999994
0.03, 0.034879999999999994
0.03, 0.03312
0.029679999999999995, 0.03312
0.029679999999999995, 0.03312
0.029679999999999995, 0.033120000000000004
0.030799999999999998, 0.033120000000000004
0.0308, 0.033120000000000004
0.0308, 0.034879999999999994
0.0308, 0.034879999999999994
0.0308, 0.034879999999999994
0.0308, 0.033839999999999995
0.0308, 0.032479999999999995
0.0292, 0.032479999999999995
0.0292, 0.03248
0.0292, 0.03248
0.02744, 0.03248
0.026079999999999996, 0.03248
0.026079999999999996, 0.03248
0.027039999999999998, 0.03248
0.027600000000000003, 0.03248
0.02928, 0.03248
0.02928, 0.03248
0.0296, 0.03248
0.0296, 0.03384
0.0296, 0.03560000000000001
0.0296, 0.03416
0.0296, 0.03232
0.0296, 0.0308
0.0296, 0.0308
0.0296, 0.0308
0.0296, 0.0304
0.0308, 0.0304
0.0308, 0.0304
0.031200000000000002, 0.0304
0.031200000000000002, 0.0304
0.031200000000000002, 0.030000000000000006
0.032799999999999996, 0.030000000000000006
0.03128, 0.030000000000000006
0.03128, 0.03184
0.03128, 0.03184
0.03128, 0.02992
0.03128, 0.02824
0.03128, 0.02696
0.03024, 0.02696
0.03024, 0.02696
0.03024, 0.02664
0.03024, 0.02664
0.03136, 0.02664
0.03136, 0.02664
0.03136, 0.027999999999999997
0.03136, 0.027999999999999997
0.03136, 0.027999999999999997
0.03136, 0.027999999999999997
0.03136, 0.027999999999999997
0.03136, 0.027999999999999997
0.03136, 0.027999999999999997
0.03136, 0.028159999999999998
0.03296, 0.028159999999999998
0.03472, 0.028159999999999998
0.03464, 0.028159999999999998
0.03464, 0.029040000000000003
0.03464, 0.02944
0.03464, 0.03
0.03416, 0.03
0.03416, 0.03
0.03264, 0.03
0.033519999999999994, 0.03
0.033519999999999994, 0.03
0.033519999999999994, 0.03032
0.033519999999999994, 0.03032
0.03232, 0.03032
0.03232, 0.03072
0.032799999999999996, 0.03072
0.032799999999999996, 0.03072
0.032, 0.03072
0.032, 0.03072
0.03024, 0.03072
0.030239999999999996, 0.03072
0.030239999999999996, 0.03264
0.03176, 0.03264
0.031760000000000004, 0.03264
0.031760000000000004, 0.03336
0.032799999999999996, 0.03336
0.032799999999999996, 0.033600000000000005
0.032799999999999996, 0.033600000000000005
0.032799999999999996, 0.03496
0.032799999999999996, 0.03496
0.032799999999999996, 0.03496
0.032799999999999996, 0.03496
0.03184, 0.03496
0.031120000000000002, 0.03496
0.02944, 0.03496
0.02944, 0.033280000000000004
0.02944, 0.0316
0.02944, 0.0316
0.0288, 0.0316
0.02744, 0.0316
0.02744, 0.0316
0.027440000000000003, 0.0316
0.027440000000000003, 0.032159999999999994
0.027440000000000003, 0.03168
0, 0.0384
0.04, 0.0384
0.04, 0.0392
0.04, 0.0368
0.04, 0.0368
0.04, 0.037599999999999995
0.04, 0.037599999999999995
0.04, 0.037599999999999995
0.04, 0.037599999999999995
0.04, 0.038079999999999996
0.04, 0.038079999999999996
0.04, 0.0384
0.04, 0.0384
0.04, 0.0384
0.04, 0.03862857142857143
0.04, 0.0354
0.03822222222222222, 0.0354
0.038239999999999996, 0.0354
0.037381818181818176, 0.0354
0.037381818181818176, 0.03342222222222222
0.037599999999999995, 0.03342222222222222
0.037599999999999995, 0.03408
0.03483076923076923, 0.03408
0.03483076923076923, 0.03461818181818181
0.035199999999999995, 0.03461818181818181
0.03530666666666667, 0.03461818181818181
0.03530666666666667, 0.03506666666666666
0.03530666666666667, 0.03421538461538461
0.03530666666666667, 0.03188571428571428
0.03530666666666667, 0.032319999999999995
0.03319999999999999, 0.032319999999999995
0.03350588235294117, 0.032319999999999995
0.03350588235294117, 0.032799999999999996
0.03350588235294117, 0.0332235294117647
0.03350588235294117, 0.03359999999999999
0.03342222222222222, 0.03359999999999999
0.032, 0.03359999999999999
0.031119999999999995, 0.03359999999999999
0.031119999999999995, 0.03359999999999999
0.031119999999999995, 0.033936842105263154
0.029999999999999995, 0.033936842105263154
0.029999999999999995, 0.033936842105263154
0.029999999999999995, 0.033936842105263154
0.028719999999999996, 0.033936842105263154
0.028719999999999996, 0.03423999999999999
0.02872, 0.03423999999999999
0.02872, 0.03423999999999999
0.02872, 0.034319999999999996
0.02872, 0.034319999999999996
0.02872, 0.034319999999999996
0.02952, 0.034319999999999996
0.0296, 0.034319999999999996
0.02848, 0.034319999999999996
0.02848, 0.034319999999999996
0.02848, 0.03312
0.0304, 0.03312
0.02912, 0.03312
0.02912, 0.03312
0.02912, 0.03312
0.02912, 0.032799999999999996
0.02928, 0.032799999999999996
0.031200000000000002, 0.032799999999999996
0.02984, 0.032799999999999996
0.02984, 0.032799999999999996
0.02984, 0.034159999999999996
0.02984, 0.03528
0.02984, 0.03528
0.03024, 0.03528
0.03192, 0.03528
0.0332, 0.03528
0.0332, 0.03528
0.0332, 0.03528
0.03247999999999999, 0.03528
0.031119999999999995, 0.03528
0.030319999999999996, 0.03528
0.031599999999999996, 0.03528
0.031599999999999996, 0.03528
0.031599999999999996, 0.036079999999999994
0.031599999999999996, 0.038
0.031599999999999996, 0.038079999999999996
0.031599999999999996, 0.038079999999999996
0.0316, 0.038079999999999996
0.03152, 0.038079999999999996
0.0296, 0.038079999999999996
0.0296, 0.038079999999999996
0.0296, 0.038079999999999996
0.0296, 0.038079999999999996
0.0296, 0.03784
0.0296, 0.03784
0.0296, 0.03784
0.03128, 0.03784
0.03128, 0.037840000000000006
0.031279999999999995, 0.037840000000000006
0.031279999999999995, 0.03624
0.031279999999999995, 0.03744
0.02936, 0.03744
0.02936, 0.03744
0.03064, 0.03744
0.03064, 0.03744
0.03064, 0.037520000000000005
0.03064, 0.037520000000000005
0.03064, 0.037520000000000005
0.03064, 0.037520000000000005
0.030159999999999996, 0.037520000000000005
0.030159999999999996, 0.037520000000000005
0.030159999999999996, 0.036160000000000005
0.030159999999999996, 0.036160000000000005
0.030159999999999996, 0.034559999999999994
0.030159999999999996, 0.034559999999999994
0.030159999999999996, 0.03456000000000001
0.02928, 0.03456000000000001
0.02928, 0.033600000000000005
0.02928, 0.033600000000000005
0.029199999999999993, 0.033600000000000005
0.029199999999999993, 0.03359999999999999
0.03104, 0.03359999999999999
0.031119999999999995, 0.03359999999999999
0.03191999999999999, 0.03359999999999999
0.03191999999999999, 0.03359999999999999
0.03191999999999999, 0.03359999999999999
0.03191999999999999, 0.03359999999999999
0.03191999999999999, 0.03359999999999999
0.03191999999999999, 0.03359999999999999
0.031920000000000004, 0.03359999999999999
0.031920000000000004, 0.033839999999999995
0.032, 0.033839999999999995
0.033920000000000006, 0.033839999999999995
0.033920000000000006, 0.033839999999999995
0.033920000000000006, 0.033839999999999995
0.033920000000000006, 0.033839999999999995
0.033920000000000006, 0.032
0.032560000000000006, 0.032
0.032560000000000006, 0.03016
0.0344, 0.03016
0.0344, 0.03016
0.0344, 0.03176
0.0344, 0.03168
0.03440000000000001, 0.03168
0.03440000000000001, 0.03168
0.03384, 0.03168
0.034319999999999996, 0.03168
0.034319999999999996, 0.03168
0.034319999999999996, 0.03016
0.034319999999999996, 0.0288
0.03272, 0.0288
0.03272, 0.03016
0.03272, 0.03016
0.033600000000000005, 0.03016
0.033600000000000005, 0.03016
0.033600000000000005, 0.03176
0.03368, 0.03176
0.0332, 0.03176
0.0332, 0.03176
0.0332, 0.031599999999999996
0.0332, 0.032560000000000006
0.0332, 0.03072
0.0332, 0.03072
0.033120000000000004, 0.03072
0.03248, 0.03072
0.0316, 0.03072
0.0316, 0.03072
0.0316, 0.03032
0.0316, 0.02872
0.031599999999999996, 0.02872
0.03136, 0.02872
0.0296, 0.02872
0.028080000000000004, 0.02872
0.028080000000000004, 0.02872
0.028080000000000004, 0.02872
0.028080000000000004, 0.02872
0.02864, 0.02872
0.027679999999999996, 0.02872
0.027679999999999996, 0.03056
0.027679999999999996, 0.0324
0.026719999999999997, 0.0324
0.026719999999999997, 0.03056
0.026719999999999997, 0.02928
0.026719999999999997, 0.02928
0.026719999999999997, 0.02928
0.026719999999999997, 0.02928
0.027280000000000002, 0.02928
0.02872, 0.02928
0.03032, 0.02928
0.03032, 0.03008
0.03032, 0.031439999999999996
0.03032, 0.031439999999999996
0.02848, 0.031439999999999996
0.028319999999999998, 0.031439999999999996
0.0288, 0.031439999999999996
0.03016, 0.031439999999999996
0.03016, 0.031439999999999996
0.02944, 0.031439999999999996
0.02944, 0.0296
0.02944, 0.02944
0.03032, 0.02944
0.03032, 0.02944
0.03032, 0.0296
0.03032, 0.028319999999999998
0.03032, 0.02944
0.03032, 0.02752
0.03032, 0.027839999999999997
0.029679999999999998, 0.027839999999999997
0.029679999999999998, 0.02912
0.029679999999999998, 0.02912
0.029679999999999998, 0.02872
0.02904, 0.02872
0.02904, 0.02872
0.03, 0.02872
0.03152, 0.02872
0.03152, 0.028079999999999997
0.029759999999999998, 0.028079999999999997
0.03056, 0.028079999999999997
0.031599999999999996, 0.028079999999999997
0.031599999999999996, 0.028079999999999997
0.031599999999999996, 0.02992
0.032560000000000006, 0.02992
0.032560000000000006, 0.03168
0.032560000000000006, 0.03168
0.031599999999999996, 0.03168
0.031599999999999996, 0.03168
0.030799999999999998, 0.03168
0.02896, 0.03168
0.02896, 0.03136
0.02896, 0.029679999999999998
0.02896, 0.029679999999999998
0.02896, 0.03152
0.02896, 0.03168
0.02896, 0.03168
0.02896, 0.03168
0.02896, 0.03168
0.02896, 0.03168
0.02896, 0.03296
0.02896, 0.0324
0, 0.04
0.04, 0.04
0.04, 0.027999999999999997
0.04, 0.026666666666666665
0.04, 0.03
0.032, 0.03
0.032, 0.032
0.026666666666666665, 0.032
0.026000000000000002, 0.032
0.0288, 0.032
0.02613333333333333, 0.032
0.02468571428571429, 0.032
0.023000000000000003, 0.032
0.022222222222222227, 0.032
0.021600000000000005, 0.032
0.020363636363636372, 0.032
0.020363636363636372, 0.029333333333333336
0.020363636363636372, 0.027428571428571434
0.020363636363636372, 0.025000000000000005
0.020000000000000004, 0.025000000000000005
0.019692307692307696, 0.025000000000000005
0.018857142857142864, 0.025000000000000005
0.018666666666666675, 0.025000000000000005
0.019000000000000006, 0.025000000000000005
0.019000000000000006, 0.02364444444444445
0.01882352941176471, 0.02364444444444445
0.01882352941176471, 0.022880000000000008
0.01882352941176471, 0.02225454545454546
0.020000000000000004, 0.02225454545454546
0.020000000000000004, 0.02373333333333334
0.019115789473684214, 0.02373333333333334
0.018960000000000005, 0.02373333333333334
0.018960000000000005, 0.022030769230769236
0.018960000000000005, 0.021600000000000005
0.018960000000000005, 0.021226666666666675
0.018960000000000005, 0.021400000000000006
0.01744, 0.021400000000000006
0.017040000000000003, 0.021400000000000006
0.016960000000000003, 0.021400000000000006
0.017760000000000005, 0.021400000000000006
0.017760000000000005, 0.022494117647058828
0.017760000000000005, 0.021955555555555558
0.017760000000000005, 0.020884210526315793
0.017760000000000005, 0.02024
0.017760000000000005, 0.019040000000000005
0.017760000000000005, 0.019039999999999998
0.016480000000000005, 0.019039999999999998
0.016640000000000002, 0.019039999999999998
0.016320000000000005, 0.019039999999999998
0.017760000000000005, 0.019039999999999998
0.017760000000000005, 0.018640000000000004
0.017760000000000005, 0.01864
0.017760000000000005, 0.01864
0.017760000000000005, 0.019840000000000003
0.017760000000000005, 0.02104
0.017760000000000005, 0.022640000000000004
0.017760000000000005, 0.022640000000000004
0.017760000000000005, 0.022640000000000004
0.01776, 0.022640000000000004
0.01736, 0.022640000000000004
0.01736, 0.022640000000000004
0.017760000000000005, 0.022640000000000004
0.017760000000000005, 0.022640000000000004
0.017760000000000005, 0.022640000000000004
0.017760000000000005, 0.022400000000000003
0.01784, 0.022400000000000003
0.01784, 0.0212
0.01784, 0.02312
0.01784, 0.024319999999999998
0.018080000000000006, 0.024319999999999998
0.01784, 0.024319999999999998
0.016480000000000005, 0.024319999999999998
0.017120000000000003, 0.024319999999999998
0.016880000000000003, 0.024319999999999998
0.018400000000000007, 0.024319999999999998
0.018000000000000002, 0.024319999999999998
0.018000000000000002, 0.0236
0.018000000000000002, 0.0232
0.018000000000000002, 0.022000000000000002
0.018000000000000002, 0.02168
0.019280000000000002, 0.02168
0.019280000000000002, 0.02168
0.019360000000000002, 0.02168
0.019360000000000006, 0.02168
0.019280000000000002, 0.02168
0.018080000000000002, 0.02168
0.01736, 0.02168
0.017280000000000004, 0.02168
0.017280000000000004, 0.02304
0.0172, 0.02304
0.016880000000000003, 0.02304
0.016880000000000003, 0.02304
0.016880000000000006, 0.02304
0.016880000000000006, 0.024640000000000006
0.016880000000000006, 0.024640000000000006
0.016880000000000006, 0.024640000000000006
0.016880000000000006, 0.024240000000000005
0.016800000000000002, 0.024240000000000005
0.016160000000000008, 0.024240000000000005
0.016000000000000007, 0.024240000000000005
0.016160000000000008, 0.024240000000000005
0.016160000000000008, 0.024240000000000005
0.016000000000000007, 0.024240000000000005
0.016000000000000007, 0.02304000000000001
0.016000000000000007, 0.0212
0.016000000000000007, 0.020000000000000004
0.016000000000000007, 0.018240000000000003
0.016000000000000007, 0.018240000000000003
0.016000000000000007, 0.019600000000000003
0.016000000000000007, 0.019600000000000003
0.016000000000000007, 0.019520000000000003
0.016000000000000007, 0.019520000000000006
0.016000000000000007, 0.018240000000000003
0.014800000000000006, 0.018240000000000003
0.015200000000000007, 0.018240000000000003
0.013600000000000006, 0.018240000000000003
0.012400000000000005, 0.018240000000000003
0.012400000000000005, 0.018240000000000003
0.012000000000000004, 0.018240000000000003
0.012320000000000005, 0.018240000000000003
0.012320000000000005, 0.018240000000000003
0.012800000000000002, 0.018240000000000003
0.012800000000000002, 0.018560000000000004
0.012800000000000002, 0.018560000000000004
0.012800000000000002, 0.018560000000000004
0.012800000000000002, 0.018880000000000004
0.012800000000000002, 0.018240000000000006
0.012800000000000002, 0.016800000000000002
0.014720000000000002, 0.016800000000000002
0.014800000000000002, 0.016800000000000002
0.01568, 0.016800000000000002
0.01568, 0.018000000000000002
0.0176, 0.018000000000000002
0.0188, 0.018000000000000002
0.0188, 0.0176
0.0188, 0.018800000000000004
0.0188, 0.018720000000000004
0.0188, 0.019360000000000002
0.0188, 0.019040000000000005
0.0188, 0.019600000000000003
0.0184, 0.019600000000000003
0.018479999999999996, 0.019600000000000003
0.018479999999999996, 0.018160000000000003
0.018479999999999996, 0.017600000000000005
0.018479999999999996, 0.017600000000000005
0.01928, 0.017600000000000005
0.018879999999999997, 0.017600000000000005
0.018879999999999997, 0.017200000000000003
0.018879999999999997, 0.01752
0.018879999999999997, 0.01752
0.018479999999999996, 0.01752
0.018879999999999997, 0.01752
0.018879999999999997, 0.01752
0.018880000000000004, 0.01752
0.019280000000000005, 0.01752
0.018880000000000004, 0.01752
0.02008, 0.01752
0.02008, 0.018800000000000004
0.020480000000000005, 0.018800000000000004
0.020560000000000005, 0.018800000000000004
0.019680000000000007, 0.018800000000000004
0.018000000000000002, 0.018800000000000004
0.018000000000000002, 0.018800000000000004
0.017600000000000005, 0.018800000000000004
0.015680000000000006, 0.018800000000000004
0.015680000000000006, 0.018480000000000003
0.015680000000000006, 0.018400000000000007
0.014480000000000003, 0.018400000000000007
0.014480000000000003, 0.018000000000000002
0.014480000000000003, 0.018000000000000002
0.014480000000000003, 0.01856
0.014480000000000003, 0.01856
0.014400000000000003, 0.01856
0.014400000000000007, 0.01856
0.014400000000000007, 0.019760000000000003
0.014400000000000007, 0.0212
0.014400000000000007, 0.019599999999999996
0.014400000000000007, 0.01928
0.014400000000000007, 0.01848
0.014000000000000005, 0.01848
0.015600000000000004, 0.01848
0.015680000000000006, 0.01848
0.015680000000000006, 0.01848
0.015600000000000004, 0.01848
0.015600000000000004, 0.01856
0.015600000000000004, 0.018560000000000004
0.015600000000000004, 0.01848
0.016800000000000002, 0.01848
0.016800000000000002, 0.01968
0.01784, 0.01968
0.0176, 0.01968
0.01616, 0.01968
0.016160000000000004, 0.01968
0.016640000000000002, 0.01968
0.016960000000000003, 0.01968
0.01672, 0.01968
0.01672, 0.01968
0.01672, 0.02112
0.01672, 0.02168
0.01672, 0.023280000000000002
0.01632, 0.023280000000000002
0.017040000000000003, 0.023280000000000002
0.017040000000000003, 0.023280000000000002
0.017440000000000004, 0.023280000000000002
0.016720000000000002, 0.023280000000000002
0.016160000000000004, 0.023280000000000002
0.016160000000000004, 0.023280000000000002
0.014960000000000006, 0.023280000000000002
0.014560000000000007, 0.023280000000000002
0.013840000000000005, 0.023280000000000002
0.014960000000000005, 0.023280000000000002
0.013040000000000003, 0.023280000000000002
0.011280000000000002, 0.023280000000000002
0.011280000000000002, 0.023280000000000002
0.011280000000000002, 0.023280000000000002
0.011280000000000002, 0.02168
0.011280000000000002, 0.022000000000000002
0.0124, 0.022000000000000002
0.01192, 0.022000000000000002
0.01176, 0.022000000000000002
0.01248, 0.022000000000000002
0.01248, 0.022480000000000003
0.01248, 0.022160000000000003
0.01376, 0.022160000000000003
0.01448, 0.022160000000000003
0.014480000000000002, 0.022160000000000003
0.014480000000000002, 0.022160000000000003
0.014320000000000001, 0.022160000000000003
0.014320000000000005, 0.022160000000000003
0.014080000000000004, 0.022160000000000003
0.014080000000000004, 0.02336
0.014800000000000004, 0.02336
0.015360000000000007, 0.02336
0.014960000000000006, 0.02336
0.014960000000000006, 0.022879999999999998
0.014960000000000006, 0.02168
0.014320000000000006, 0.02168
0.015040000000000006, 0.02168
0.015760000000000007, 0.02168
0.014160000000000006, 0.02168
0.014160000000000006, 0.02048
0.014160000000000006, 0.020880000000000006
0.014160000000000006, 0.0212
0.014320000000000006, 0.0212
0.015040000000000006, 0.0212
0.014560000000000007, 0.0212
0.014560000000000007, 0.020720000000000002
0.014560000000000007, 0.020720000000000002
0.014560000000000007, 0.020720000000000006
0.014560000000000007, 0.020720000000000002
0.014560000000000007, 0.020720000000000002
0.014560000000000007, 0.01896
0.014560000000000007, 0.017760000000000005
0.014560000000000007, 0.016560000000000005
0.014560000000000007, 0.015920000000000004
0.016320000000000008, 0.015920000000000004
0.015760000000000007, 0.015920000000000004
0.015760000000000007, 0.015920000000000004
0.015760000000000007, 0.016320000000000005
0.014560000000000003, 0.016320000000000005
0.013360000000000004, 0.016320000000000005
0.012960000000000005, 0.016320000000000005
0.012960000000000005, 0.014400000000000003
0.012960000000000005, 0.014400000000000003
0.012960000000000005, 0.015120000000000005
0.01416, 0.015120000000000005
0.014560000000000002, 0.015120000000000005
0.014720000000000004, 0.015120000000000005
0.014720000000000004, 0.014320000000000005
0.014720000000000004, 0.014400000000000003
0.014720000000000004, 0.014080000000000004
0.014720000000000004, 0.013360000000000004
0.014720000000000004, 0.013360000000000004
0.014960000000000005, 0.013360000000000004
0.014960000000000005, 0.012720000000000002
0.016160000000000004, 0.012720000000000002
0.016160000000000004, 0.013120000000000003
0.016160000000000004, 0.013600000000000003
0.016160000000000004, 0.012880000000000003
0.015760000000000003, 0.012880000000000003
0.016960000000000003, 0.012880000000000003
0.017280000000000004, 0.012880000000000003
0.017280000000000004, 0.012880000000000003
0.017280000000000004, 0.012880000000000003
0.01744, 0.012880000000000003
0.01744, 0.012880000000000003
0.01744, 0.013280000000000004
0.01744, 0.011680000000000003
0.01776, 0.011680000000000003
0.01776, 0.011840000000000003
0.01776, 0.011840000000000003
0.01776, 0.011840000000000003
0.01776, 0.013680000000000003
0.018400000000000003, 0.013680000000000003
0.018400000000000003, 0.013680000000000003
0.018400000000000003, 0.014880000000000003
0.018800000000000004, 0.014880000000000003
0.01776, 0.014880000000000003
0.018480000000000003, 0.014880000000000003
0.018080000000000002, 0.014880000000000003
0.018080000000000002, 0.015200000000000002
0.018080000000000002, 0.015200000000000002
0.018080000000000002, 0.014640000000000002
0.018080000000000002, 0.014640000000000002
0.01848, 0.014640000000000002
0.016880000000000003, 0.014640000000000002
0.01616, 0.014640000000000002
0.016160000000000004, 0.014640000000000002
0.016160000000000004, 0.014000000000000002
0.016160000000000004, 0.015200000000000002
0.01608, 0.015200000000000002
0.01608, 0.016000000000000004
0.015680000000000006, 0.016000000000000004
0.014480000000000007, 0.016000000000000004
0.014480000000000007, 0.0164
0.014480000000000007, 0.01776
0.014880000000000006, 0.01776
0.015280000000000005, 0.01776
0.015280000000000005, 0.01704
0.015280000000000005, 0.016479999999999998
0.015280000000000005, 0.0172
0.015280000000000005, 0.017200000000000003
0.015280000000000005, 0.016560000000000002
0.014880000000000004, 0.016560000000000002
0.015600000000000003, 0.016560000000000002
0.015200000000000002, 0.016560000000000002
0.015200000000000002, 0.01632
0.015200000000000002, 0.01776
0.014880000000000003, 0.01776
0.015120000000000001, 0.01776
0.014480000000000002, 0.01776
0.013359999999999999, 0.01776
0.013360000000000004, 0.01776
0.013360000000000004, 0.01776
0.014960000000000003, 0.01776
0.016160000000000004, 0.01776
0.016160000000000004, 0.01736
0.016160000000000004, 0.01736
0.016160000000000004, 0.016160000000000004
0.016160000000000004, 0.01736
0.01736, 0.01736
0.01736, 0.015920000000000004
0.01736, 0.01632
0.01736, 0.016160000000000004
0.01736, 0.017280000000000004
0.01736, 0.017520000000000008
0.01736, 0.015600000000000003
0.01736, 0.015120000000000001
0.01776, 0.015120000000000001
0.018480000000000003, 0.015120000000000001
0.018480000000000003, 0.016640000000000002
0.018480000000000003, 0.01624
0.018480000000000003, 0.017040000000000003
0.018480000000000003, 0.018400000000000003
0.018480000000000003, 0.018000000000000002
0.018080000000000002, 0.018000000000000002
0.01896, 0.018000000000000002
0.01896, 0.01792
0.01896, 0.01856
0.01896, 0.018879999999999997
0.01896, 0.018640000000000004
0.01896, 0.018640000000000004
0.019360000000000002, 0.018640000000000004
0.019360000000000002, 0.018640000000000004
0.01896, 0.018640000000000004
0.01896, 0.018640000000000004
0.01896, 0.018640000000000004
0.01896, 0.017040000000000003
0.01832, 0.017040000000000003
0.018639999999999997, 0.017040000000000003
0.017920000000000002, 0.017040000000000003
0.018320000000000003, 0.017040000000000003
0.020240000000000005, 0.017040000000000003
0.021440000000000004, 0.017040000000000003
0.021440000000000004, 0.017280000000000004
0.021440000000000004, 0.017280000000000004
0.02104, 0.017280000000000004
0.02104, 0.017040000000000003
0.02104, 0.016240000000000004
0.02104, 0.016160000000000004
0.02104, 0.017360000000000007
0.022000000000000002, 0.017360000000000007
0.022000000000000002, 0.018560000000000007
0.022000000000000002, 0.017040000000000003
0.022000000000000002, 0.016
0.022000000000000002, 0.015920000000000004
0.022000000000000002, 0.014960000000000003
0.022000000000000002, 0.015360000000000002
0.022000000000000002, 0.015440000000000002
0.022000000000000002, 0.014720000000000004
0.022000000000000002, 0.014560000000000003
0.022000000000000002, 0.014000000000000004
0.022000000000000002, 0.013680000000000001
0.022000000000000002, 0.014880000000000004
0.023200000000000002, 0.014880000000000004
0.023200000000000002, 0.014640000000000004
0.023200000000000002, 0.015040000000000003
0.023200000000000002, 0.014880000000000003
0.024399999999999998, 0.014880000000000003
0.024399999999999998, 0.014800000000000002
0.024399999999999998, 0.015200000000000005
0.024399999999999998, 0.014720000000000002
0.024399999999999998, 0.014080000000000004
0.024399999999999998, 0.013280000000000005
0.024399999999999998, 0.012080000000000004
0.024399999999999998, 0.012320000000000006
0.024399999999999998, 0.013040000000000005
0.024399999999999998, 0.013040000000000005
0.024399999999999998, 0.012800000000000002
0.024399999999999998, 0.012800000000000002
0.024399999999999998, 0.012240000000000004
0.024399999999999998, 0.012240000000000004
0.024399999999999998, 0.012960000000000005
0.024399999999999998, 0.012720000000000004
0.024399999999999998, 0.011760000000000003
0.024400000000000005, 0.011760000000000003
0.024400000000000005, 0.012480000000000005
0.024400000000000005, 0.011280000000000004
0.024400000000000005, 0.011120000000000003
0.024400000000000005, 0.010480000000000003
0.024400000000000005, 0.010640000000000004
0.024400000000000005, 0.010720000000000002
0.024400000000000005, 0.010160000000000002
0.023760000000000003, 0.010160000000000002
0.023600000000000003, 0.010160000000000002
0.023600000000000003, 0.010880000000000003
0.023600000000000003, 0.0128
0.023600000000000003, 0.013120000000000003
0.023600000000000003, 0.012560000000000002
0.023440000000000003, 0.012560000000000002
0.024400000000000005, 0.012560000000000002
0.024400000000000005, 0.012560000000000002
0.024400000000000005, 0.012560000000000002
0.024400000000000005, 0.012240000000000003
0.024400000000000005, 0.012240000000000003
0.024400000000000005, 0.012080000000000004
0.024400000000000005, 0.012080000000000004
0.024400000000000005, 0.012080000000000004
0.024400000000000005, 0.012400000000000005
0.02296, 0.012400000000000005
0.02352, 0.012400000000000005
0.02352, 0.014320000000000005
0.02352, 0.014320000000000005
0.023920000000000004, 0.014320000000000005
0.02296, 0.014320000000000005
0.02328, 0.014320000000000005
0.024479999999999995, 0.014320000000000005
0.02408, 0.014320000000000005
0.022479999999999997, 0.014320000000000005
0.021279999999999993, 0.014320000000000005
0.021679999999999998, 0.014320000000000005
0.02144, 0.014320000000000005
0.02144, 0.014320000000000005
0.020240000000000005, 0.014320000000000005
0.019040000000000005, 0.014320000000000005
0.01768, 0.014320000000000005
0.01768, 0.013920000000000004
0.01768, 0.013920000000000004
0.01768, 0.014320000000000005
0.018320000000000003, 0.014320000000000005
0.018320000000000003, 0.016160000000000004
0.018320000000000003, 0.016160000000000004
0.018320000000000003, 0.016160000000000004
0.018320000000000003, 0.016320000000000005
0.018080000000000006, 0.016320000000000005
0.018240000000000006, 0.016320000000000005
0.01768, 0.016320000000000005
0.018800000000000004, 0.016320000000000005
0.018160000000000003, 0.016320000000000005
0.018960000000000005, 0.016320000000000005
0.018960000000000005, 0.015920000000000004
0.018960000000000005, 0.015520000000000003
0.018960000000000005, 0.015040000000000003
0.019600000000000003, 0.015040000000000003
0.020000000000000004, 0.015040000000000003
0.020080000000000004, 0.015040000000000003
0.01848, 0.015040000000000003
0.01832, 0.015040000000000003
0.019919999999999997, 0.015040000000000003
0.019919999999999997, 0.015040000000000003
0.019920000000000004, 0.015040000000000003
0.019520000000000003, 0.015040000000000003
0.019520000000000003, 0.0164
0.017599999999999998, 0.0164
0.01856, 0.0164
0.017920000000000005, 0.0164
0.017920000000000005, 0.01768
0.018080000000000006, 0.01768
0.016880000000000003, 0.01768
0.016880000000000003, 0.017280000000000004
0.016880000000000003, 0.0176
0.016880000000000003, 0.01864
0.016880000000000003, 0.01912
0.016880000000000003, 0.01912
0.016880000000000003, 0.01912
0.016880000000000003, 0.01912
0.016880000000000003, 0.0172
0.016880000000000003, 0.0176
0.016880000000000003, 0.017760000000000005
0.016880000000000003, 0.017120000000000003
0.016880000000000003, 0.015920000000000004
0.016880000000000003, 0.015920000000000004
0.016880000000000003, 0.015920000000000004
0.016880000000000003, 0.016320000000000008
0.016880000000000003, 0.016320000000000005
0.01688, 0.016320000000000005
0.01648, 0.016320000000000005
0.016480000000000005, 0.016320000000000005
0.016000000000000004, 0.016320000000000005
0.016080000000000004, 0.016320000000000005
0.015280000000000005, 0.016320000000000005
0.014240000000000006, 0.016320000000000005
0.014240000000000006, 0.015520000000000004
0.014240000000000006, 0.016720000000000006
0.013840000000000005, 0.016720000000000006
0.013280000000000005, 0.016720000000000006
0.013280000000000005, 0.017120000000000003
0.014880000000000004, 0.017120000000000003
0.015120000000000001, 0.017120000000000003
0.013920000000000004, 0.017120000000000003
0.013840000000000003, 0.017120000000000003
0.013840000000000003, 0.017120000000000003
0.015040000000000003, 0.017120000000000003
0.015040000000000003, 0.018720000000000004
0.01536, 0.018720000000000004
0.01608, 0.018720000000000004
0.014800000000000004, 0.018720000000000004
0.014800000000000004, 0.019920000000000004
0.015040000000000005, 0.019920000000000004
0.015840000000000003, 0.019920000000000004
0.015840000000000007, 0.019920000000000004
0.01624, 0.019920000000000004
0.01624, 0.019920000000000004
0.01624, 0.019920000000000004
0.016960000000000003, 0.019920000000000004
0.016640000000000002, 0.019920000000000004
0.017440000000000004, 0.019920000000000004
0.01744, 0.019920000000000004
0.01744, 0.018879999999999997
0.01744, 0.01872
0.01744, 0.018719999999999994
0.01744, 0.01872
0.01752, 0.01872
0.018080000000000002, 0.01872
0.018080000000000002, 0.01872
0.018080000000000002, 0.019519999999999996
0.018080000000000002, 0.01944
0.018080000000000002, 0.020479999999999995
0.018080000000000002, 0.020559999999999995
0.018080000000000002, 0.020560000000000002
0.018080000000000002, 0.020720000000000002
0.018080000000000002, 0.020720000000000002
0.018080000000000002, 0.020720000000000006
0.018080000000000002, 0.02112000000000001
0.018080000000000002, 0.02112000000000001
0.018080000000000002, 0.020000000000000007
0.017120000000000003, 0.020000000000000007
0.017040000000000003, 0.020000000000000007
0.01704, 0.020000000000000007
0.017120000000000003, 0.020000000000000007
0.015520000000000003, 0.020000000000000007
0.015600000000000004, 0.020000000000000007
0.015600000000000004, 0.020000000000000007
0.015600000000000004, 0.018800000000000004
0.017120000000000003, 0.018800000000000004
0.017520000000000008, 0.018800000000000004
0.016720000000000006, 0.018800000000000004
0.016320000000000005, 0.018800000000000004
0.015920000000000007, 0.018800000000000004
0.016320000000000008, 0.018800000000000004
0.016320000000000005, 0.018800000000000004
0.016320000000000005, 0.017200000000000003
0.016320000000000005, 0.016000000000000004
0.016320000000000005, 0.014800000000000006
0.016320000000000005, 0.014800000000000006
0.016320000000000005, 0.015200000000000007
0.016320000000000005, 0.015200000000000007
0.016320000000000005, 0.015600000000000004
0.016320000000000005, 0.016000000000000004
0.015200000000000005, 0.016000000000000004
0.015520000000000004, 0.016000000000000004
0.015520000000000004, 0.017120000000000003
0.015520000000000004, 0.018400000000000007
0.014480000000000003, 0.018400000000000007
0.014480000000000003, 0.017280000000000004
0.014880000000000006, 0.017280000000000004
0.015040000000000006, 0.017280000000000004
0.014640000000000007, 0.017280000000000004
0.014400000000000007, 0.017280000000000004
0.014400000000000007, 0.01776
0.014400000000000007, 0.01776
0.014400000000000007, 0.017280000000000004
0.014400000000000007, 0.017280000000000004
0.014400000000000007, 0.017280000000000004
0.014400000000000007, 0.016880000000000003
0.014800000000000006, 0.016880000000000003
0.014800000000000006, 0.016880000000000003
0.014400000000000007, 0.016880000000000003
0.014800000000000006, 0.016880000000000003
0.014560000000000007, 0.016880000000000003
0.014560000000000007, 0.01648
0.014560000000000007, 0.01648
0.013200000000000005, 0.01648
0.013200000000000005, 0.01648
0.013200000000000005, 0.017680000000000008
0.013200000000000005, 0.017680000000000008
0.013200000000000005, 0.018080000000000006
0.013200000000000005, 0.01768
0.012800000000000004, 0.01768
0.013200000000000005, 0.01768
0.013600000000000006, 0.01768
0.013600000000000006, 0.01768
0.013600000000000006, 0.01768
0.014400000000000003, 0.01768
0.014400000000000003, 0.01768
0.014400000000000003, 0.01768
0.014400000000000003, 0.018480000000000003
0.014320000000000005, 0.018480000000000003
0.014560000000000003, 0.018480000000000003
0.014240000000000004, 0.018480000000000003
0.014240000000000004, 0.018080000000000006
0.014240000000000004, 0.01768
0.014240000000000004, 0.01768
0.014000000000000004, 0.01768
0.014400000000000003, 0.01768
0.014400000000000003, 0.01768
0.014400000000000003, 0.016480000000000005
0.014400000000000003, 0.015280000000000005
0.014400000000000003, 0.014800000000000004
0.014400000000000003, 0.014800000000000004
0.014400000000000007, 0.014800000000000004
0.014400000000000007, 0.014800000000000004
0.014240000000000006, 0.014800000000000004
0.014480000000000007, 0.014800000000000004
0.014240000000000004, 0.014800000000000004
0.014240000000000004, 0.014880000000000004
0.014240000000000004, 0.014480000000000007
0.014240000000000004, 0.014800000000000006
0.014240000000000004, 0.014800000000000006
0.014240000000000004, 0.014400000000000008
0.014240000000000004, 0.01480000000000001
0.014240000000000004, 0.014800000000000006
0.014240000000000004, 0.014000000000000005
0.014240000000000004, 0.014000000000000005
0.014720000000000006, 0.014000000000000005
0.014720000000000002, 0.014000000000000005
0.014720000000000002, 0.014800000000000004
0.014720000000000002, 0.014800000000000004
0.014720000000000002, 0.014720000000000004
0.014720000000000002, 0.016320000000000005
0.014720000000000002, 0.015520000000000003
0.014720000000000002, 0.015920000000000004
0.014720000000000002, 0.015520000000000004
0.014720000000000002, 0.016720000000000002
0.014720000000000002, 0.016000000000000004
0.016320000000000005, 0.016000000000000004
0.016320000000000005, 0.015520000000000003
0.016320000000000005, 0.016800000000000002
0.016320000000000005, 0.01608
0.016320000000000005, 0.01608
0.016320000000000005, 0.01608
0.016320000000000005, 0.015360000000000002
0.016320000000000005, 0.015680000000000003
0.016320000000000005, 0.014960000000000003
0.016320000000000005, 0.014640000000000002
0.016320000000000005, 0.013920000000000002
0.017280000000000004, 0.013920000000000002
0.018480000000000003, 0.013920000000000002
0.018480000000000003, 0.013680000000000001
0.018480000000000003, 0.012880000000000004
0.01808, 0.012880000000000004
0.018080000000000002, 0.012880000000000004
0.01768, 0.012880000000000004
0.01768, 0.013440000000000006
0.01768, 0.013520000000000003
0.01768, 0.011760000000000003
0.01768, 0.011280000000000004
0.01768, 0.012160000000000002
0.01768, 0.012240000000000003
0.01776, 0.012240000000000003
0.01776, 0.012240000000000003
0.01768, 0.012240000000000003
0.01768, 0.011280000000000002
0.01768, 0.012
0.01768, 0.011760000000000003
0.01768, 0.01088
0.01768, 0.011120000000000003
0.01768, 0.01272
0.01768, 0.012480000000000002
0.01768, 0.013200000000000003
0.01768, 0.012560000000000002
0.01768, 0.013040000000000003
0.018080000000000002, 0.013040000000000003
0.018080000000000002, 0.013360000000000004
0.018080000000000002, 0.014080000000000004
0.018080000000000002, 0.014320000000000001
0.01768, 0.014320000000000001
0.01768, 0.015520000000000003
0.01768, 0.015840000000000003
0.01768, 0.015120000000000001
0.01768, 0.015280000000000002
0.01768, 0.015040000000000003
0.018160000000000003, 0.015040000000000003
0.018160000000000003, 0.01344
0.018160000000000006, 0.01344
0.018160000000000006, 0.01344
0.018160000000000003, 0.01344
0.018160000000000003, 0.01312
0.018160000000000003, 0.01288
0.018160000000000003, 0.012880000000000003
0.018160000000000003, 0.012880000000000003
0.018400000000000003, 0.012880000000000003
0.018720000000000004, 0.012880000000000003
0.018720000000000004, 0.012560000000000002
0.018720000000000004, 0.013040000000000003
0.018960000000000005, 0.013040000000000003
0.018960000000000005, 0.012080000000000002
0.018960000000000005, 0.011600000000000004
0.018960000000000005, 0.011760000000000001
0.018960000000000005, 0.012480000000000005
0.018960000000000005, 0.012160000000000002
0.018960000000000005, 0.01376
0.018160000000000006, 0.01376
0.018160000000000006, 0.01376
0.01624, 0.01376
0.014880000000000006, 0.01376
0.013680000000000003, 0.01376
0.014080000000000006, 0.01376
0.013680000000000005, 0.01376
0.013680000000000005, 0.01376
0.013680000000000005, 0.01376
0.014240000000000004, 0.01376
0.014480000000000003, 0.01376
0.015280000000000002, 0.01376
0.014960000000000003, 0.01376
0.014000000000000002, 0.01376
0.014879999999999999, 0.01376
0.0144, 0.01376
0.0144, 0.01376
0.014320000000000001, 0.01376
0.01328, 0.01376
0.013200000000000003, 0.01376
0.013200000000000003, 0.014960000000000003
0.013520000000000003, 0.014960000000000003
0.013520000000000003, 0.014960000000000003
0.014320000000000005, 0.014960000000000003
0.014000000000000004, 0.014960000000000003
0.014000000000000005, 0.014960000000000003
0.013280000000000005, 0.014960000000000003
0.012960000000000005, 0.014960000000000003
0.012240000000000006, 0.014960000000000003
0.012240000000000006, 0.014960000000000003
0.012240000000000006, 0.013760000000000001
0.012240000000000006, 0.012880000000000003
0.011520000000000004, 0.012880000000000003
0.010960000000000003, 0.012880000000000003
0.011120000000000001, 0.012880000000000003
0.0096, 0.012880000000000003
0.0096, 0.01416
0.01, 0.01416
0.010480000000000003, 0.01416
0.009520000000000002, 0.01416
0.010240000000000003, 0.01416
0.010240000000000003, 0.01576
0.0104, 0.01576
0.01104, 0.01576
0.01152, 0.01576
0.01152, 0.01768
0.0116, 0.01768
0.011760000000000001, 0.01768
0.011360000000000002, 0.01768
0.011360000000000002, 0.019600000000000003
0.011360000000000002, 0.02024
0.011360000000000002, 0.02024
0.011360000000000002, 0.019840000000000003
0.011840000000000002, 0.019840000000000003
0.011840000000000002, 0.019840000000000003
0.011840000000000002, 0.019920000000000004
0.011200000000000002, 0.019920000000000004
0.011920000000000002, 0.019920000000000004
0.012640000000000002, 0.019920000000000004
0.012800000000000002, 0.019920000000000004
0.013760000000000001, 0.019920000000000004
0.013760000000000001, 0.019920000000000004
0.014159999999999999, 0.019920000000000004
0.01416, 0.019920000000000004
0.014400000000000001, 0.019920000000000004
0.014400000000000001, 0.02144
0.014400000000000001, 0.02144
0.014400000000000001, 0.022399999999999996
0.014000000000000002, 0.022399999999999996
0.014000000000000002, 0.02312
0.014000000000000002, 0.02296
0.014000000000000002, 0.022560000000000007
0.014000000000000002, 0.0228
0.014000000000000002, 0.0216
0.014000000000000002, 0.02032
0.014000000000000002, 0.021120000000000007
0.014000000000000002, 0.020720000000000002
0.015280000000000002, 0.020720000000000002
0.015280000000000002, 0.0204
0.015280000000000002, 0.019919999999999997
0.015280000000000002, 0.019920000000000004
0.01504, 0.019920000000000004
0.015280000000000002, 0.019920000000000004
0.014240000000000001, 0.019920000000000004
0.014240000000000001, 0.018720000000000004
0.014240000000000001, 0.01752
0.014240000000000001, 0.017120000000000003
0.015680000000000003, 0.017120000000000003
0.015680000000000003, 0.018240000000000003
0.014960000000000003, 0.018240000000000003
0.014960000000000003, 0.018240000000000003
0.014960000000000003, 0.019840000000000003
0.015360000000000002, 0.019840000000000003
0.014800000000000004, 0.019840000000000003
0.015120000000000005, 0.019840000000000003
0.015120000000000005, 0.019760000000000003
0.015120000000000005, 0.019759999999999996
0.015120000000000005, 0.019600000000000003
0.015120000000000005, 0.018400000000000003
0.015120000000000005, 0.018160000000000003
0, 0.0384
0.04, 0.0384
0.04, 0.0392
0.04, 0.03946666666666667
0.04, 0.039599999999999996
0.04, 0.03968
0.04, 0.03968
0.04, 0.03973333333333333
0.04, 0.03973333333333333
0.04, 0.03973333333333333
0.04, 0.039771428571428576
0.04, 0.039771428571428576
0.04, 0.039771428571428576
0.04, 0.039771428571428576
0.04, 0.039771428571428576
0.04, 0.039771428571428576
0.04, 0.0398
0.04, 0.038400000000000004
0.04, 0.035840000000000004
0.04, 0.035840000000000004
0.04, 0.03621818181818182
0.04, 0.03621818181818182
0.04, 0.036533333333333334
0.04, 0.0368
0.04, 0.03702857142857143
0.03986666666666667, 0.03702857142857143
0.03901538461538462, 0.03702857142857143
0.039085714285714286, 0.03702857142857143
0.039085714285714286, 0.03573333333333333
0.03914666666666667, 0.03573333333333333
0.03914666666666667, 0.036000000000000004
0.03730000000000001, 0.036000000000000004
0.03745882352941177, 0.036000000000000004
0.03745882352941177, 0.034070588235294116
0.03745882352941177, 0.0344
0.03745882352941177, 0.034694736842105264
0.03745882352941177, 0.03496
0.0376, 0.03496
0.035957894736842105, 0.03496
0.035957894736842105, 0.03504
0.035957894736842105, 0.03504
0.035957894736842105, 0.03504
0.034480000000000004, 0.03504
0, 0.0384
0.04, 0.0384
0.0296, 0.0384
0.0296, 0.0392
0.0296, 0.03946666666666667
0.03306666666666667, 0.03946666666666667
0.0348, 0.03946666666666667
0.035840000000000004, 0.03946666666666667
0.035840000000000004, 0.039599999999999996
0.036533333333333334, 0.039599999999999996
0.036533333333333334, 0.03968
0.03702857142857143, 0.03968
0.0374, 0.03968
0.0374, 0.03973333333333333
0.0374, 0.035885714285714285
0.03591111111111111, 0.035885714285714285
0.03591111111111111, 0.0364
0.03616, 0.0364
0.03616, 0.03537777777777778
0.03549090909090909, 0.03537777777777778
0.03549090909090909, 0.03536
0.035866666666666665, 0.03536
0.035866666666666665, 0.033745454545454544
0.036184615384615385, 0.033745454545454544
0.036184615384615385, 0.03426666666666666
0.035885714285714285, 0.03426666666666666
0.035885714285714285, 0.03470769230769231
0.03552, 0.03470769230769231
0.0358, 0.03470769230769231
0.0358, 0.03394285714285714
0.0358, 0.034346666666666664
0.0358, 0.032299999999999995
0.0358, 0.03265882352941176
0.034070588235294116, 0.03265882352941176
0.034070588235294116, 0.03306666666666667
0.034070588235294116, 0.03343157894736842
0.03253333333333333, 0.03343157894736842
0.031578947368421054, 0.03343157894736842
0.03088, 0.03343157894736842
0.03088, 0.03343157894736842
0.03088, 0.032159999999999994
0.03192, 0.032159999999999994
0.03192, 0.03223999999999999
0.03192, 0.03223999999999999
0.03192, 0.03223999999999999
0.03192, 0.03223999999999999
0.03104, 0.03223999999999999
0.02992, 0.03223999999999999
0.029679999999999998, 0.03223999999999999
0.029679999999999998, 0.03223999999999999
0.029679999999999998, 0.03223999999999999
0.029679999999999998, 0.03223999999999999
0.029679999999999998, 0.03223999999999999
0.029680000000000005, 0.03223999999999999
0.03048, 0.03223999999999999
0.029840000000000005, 0.03223999999999999
0.029840000000000005, 0.03359999999999999
0.03032, 0.03359999999999999
0.03032, 0.03359999999999999
0.03032, 0.03391999999999999
0.03032, 0.03391999999999999
0.03032, 0.03416
0.02872, 0.03416
0.027759999999999996, 0.03416
0.027759999999999996, 0.03528
0.02824, 0.03528
0.02824, 0.03528
0.02824, 0.03528
0.02824, 0.03528
0.02824, 0.036079999999999994
0.02824, 0.036079999999999994
0.0296, 0.036079999999999994
0.0296, 0.036079999999999994
0.03088, 0.036079999999999994
0.03088, 0.03624
0.032, 0.03624
0.032, 0.03632
0.032, 0.03632
0.032, 0.03632
0.032, 0.03631999999999999
0.032, 0.03792
0.032, 0.03712000000000001
0.03096, 0.03712000000000001
0.02928, 0.03712000000000001
0.02928, 0.03576000000000001
0.030160000000000006, 0.03576000000000001
0.030160000000000006, 0.033839999999999995
0.030160000000000006, 0.033839999999999995
0.030160000000000006, 0.03344
0.03128, 0.03344
0.03128, 0.03344
0.03072, 0.03344
0.03072, 0.03344
0.03072, 0.03344
0.030320000000000003, 0.03344
0.028720000000000002, 0.03344
0.02944, 0.03344
0.02952, 0.03344
0.02952, 0.03344
0.02952, 0.03344
0.02952, 0.033760000000000005
0.031120000000000002, 0.033760000000000005
0.03248, 0.033760000000000005
0.03248, 0.033760000000000005
0.03248, 0.033760000000000005
0.03248, 0.033760000000000005
0.03248, 0.03272
0.03248, 0.03136
0.03088, 0.03136
0.03088, 0.03136
0.032560000000000006, 0.03136
0.03287999999999999, 0.03136
0.03287999999999999, 0.03136
0.03287999999999999, 0.03136
0.03287999999999999, 0.03136
0.03287999999999999, 0.03136
0.033440000000000004, 0.03136
0.033440000000000004, 0.033120000000000004
0.033440000000000004, 0.03296
0.033440000000000004, 0.03296
0.033440000000000004, 0.031120000000000002
0.033440000000000004, 0.031120000000000002
0.033440000000000004, 0.03152
0.035120000000000005, 0.03152
0.035120000000000005, 0.03152
0.035120000000000005, 0.03248
0.035120000000000005, 0.032799999999999996
0.035120000000000005, 0.032799999999999996
0.03568, 0.032799999999999996
0.033920000000000006, 0.032799999999999996
0.032799999999999996, 0.032799999999999996
0.032799999999999996, 0.032799999999999996
0.032799999999999996, 0.0332
0.032799999999999996, 0.03152
0.032799999999999996, 0.03008
0.033600000000000005, 0.03008
0.03255999999999999, 0.03008
0.03255999999999999, 0.03008
0.03255999999999999, 0.03008
0.032560000000000006, 0.03008
0.032560000000000006, 0.028239999999999998
0.032560000000000006, 0.026479999999999997
0.032560000000000006, 0.02752
0.032560000000000006, 0.02888
0.032560000000000006, 0.02888
0.032560000000000006, 0.02888
0.032560000000000006, 0.02888
0.032560000000000006, 0.02888
0.031120000000000002, 0.02888
0.031120000000000002, 0.028319999999999998
0.031120000000000002, 0.026879999999999998
0.031120000000000002, 0.026079999999999996
0.03192, 0.026079999999999996
0.03192, 0.026080000000000002
0.03072, 0.026080000000000002
0.03072, 0.026080000000000002
0.03072, 0.027920000000000004
0.03072, 0.027920000000000004
0.0292, 0.027920000000000004
0.0292, 0.027920000000000004
0.0292, 0.028319999999999998
0.028399999999999998, 0.028319999999999998
0.02712, 0.028319999999999998
0.02712, 0.028319999999999998
0.02712, 0.02872
0.027120000000000002, 0.02872
0.027120000000000002, 0.02872
0.027120000000000002, 0.03032
0.027120000000000002, 0.03032
0.027120000000000002, 0.03032
0.02736, 0.03032
0.02736, 0.032
0.028159999999999998, 0.032
0.02896, 0.032
0.028079999999999997, 0.032
0.028079999999999997, 0.031760000000000004
0.028079999999999997, 0.03008
0.028079999999999997, 0.02992
0.02848, 0.02992
0.027120000000000002, 0.02992
0.027120000000000002, 0.031760000000000004
0.027120000000000002, 0.031760000000000004
0.027120000000000002, 0.031599999999999996
0, 0.0384
0.04, 0.0384
0.0296, 0.0384
0.0296, 0.0392
0.0296, 0.03946666666666667
0.0256, 0.03946666666666667
0.0292, 0.03946666666666667
0.03136, 0.03946666666666667
0.03136, 0.039599999999999996
0.032799999999999996, 0.039599999999999996
0.032799999999999996, 0.03968
0.03382857142857143, 0.03968
0.0346, 0.03968
0.0346, 0.03973333333333333
0.0346, 0.035885714285714285
0.03342222222222222, 0.035885714285714285
0.03342222222222222, 0.0364
0.033920000000000006, 0.0364
0.033920000000000006, 0.03537777777777778
0.03345454545454546, 0.03537777777777778
0.03345454545454546, 0.03536
0.034, 0.03536
0.034, 0.033745454545454544
0.03446153846153846, 0.033745454545454544
0.03446153846153846, 0.03426666666666666
0.034285714285714294, 0.03426666666666666
0.034285714285714294, 0.03470769230769231
0.03402666666666667, 0.03470769230769231
0.03440000000000001, 0.03470769230769231
0.03440000000000001, 0.03394285714285714
0.03440000000000001, 0.034346666666666664
0.03440000000000001, 0.032299999999999995
0.03440000000000001, 0.03265882352941176
0.032752941176470596, 0.03265882352941176
0.032752941176470596, 0.03306666666666667
0.031288888888888894, 0.03306666666666667
0.030400000000000003, 0.03306666666666667
0.029759999999999998, 0.03306666666666667
0.029759999999999998, 0.03306666666666667
0.029759999999999998, 0.03174736842105263
0.030799999999999998, 0.03174736842105263
0.030799999999999998, 0.032159999999999994
0.030799999999999998, 0.03223999999999999
0.03104, 0.03223999999999999
0.02992, 0.03223999999999999
0.02992, 0.03223999999999999
0.02992, 0.03223999999999999
0.02992, 0.03223999999999999
0.02992, 0.03223999999999999
0.02992, 0.03223999999999999
0.02992, 0.03223999999999999
0.029200000000000004, 0.03223999999999999
0.029200000000000004, 0.03223999999999999
0.02992, 0.03223999999999999
0.02992, 0.03223999999999999
0.02992, 0.033280000000000004
0.02992, 0.033280000000000004
0.028399999999999998, 0.033280000000000004
0.027600000000000003, 0.033280000000000004
0.027600000000000003, 0.033920000000000006
0.027600000000000003, 0.033920000000000006
0.027600000000000003, 0.034159999999999996
0.027600000000000003, 0.03528
0.027600000000000003, 0.03528
0.025920000000000002, 0.03528
0.026000000000000002, 0.03528
0.026480000000000007, 0.03528
0.026480000000000007, 0.03528
0.026479999999999997, 0.03528
0.026479999999999997, 0.034319999999999996
0.028159999999999998, 0.034319999999999996
0.028159999999999998, 0.034319999999999996
0.029839999999999995, 0.034319999999999996
0.029839999999999995, 0.03624
0.031119999999999995, 0.03624
0.031119999999999995, 0.03631999999999999
0.031119999999999995, 0.03632
0.03223999999999999, 0.03632
0.03223999999999999, 0.03712000000000001
0.03223999999999999, 0.03536
0.03144, 0.03536
0.03144, 0.03488
0.03144, 0.03488
0.03064, 0.03488
0.031760000000000004, 0.03488
0.031760000000000004, 0.032959999999999996
0.031760000000000004, 0.032959999999999996
0.031760000000000004, 0.03255999999999999
0.031760000000000004, 0.031599999999999996
0.031760000000000004, 0.031599999999999996
0.031760000000000004, 0.031599999999999996
0.03136, 0.031599999999999996
0.029759999999999998, 0.031599999999999996
0.03048, 0.031599999999999996
0.03056, 0.031599999999999996
0.03056, 0.03192
0.032159999999999994, 0.03192
0.032159999999999994, 0.03192
0.033519999999999994, 0.03192
0.033519999999999994, 0.03192
0.0352, 0.03192
0.0352, 0.031439999999999996
0.0352, 0.031439999999999996
0.0352, 0.03144
0.0352, 0.029999999999999995
0.03391999999999999, 0.029999999999999995
0.03391999999999999, 0.029999999999999995
0.03344, 0.029999999999999995
0.03344, 0.029999999999999995
0.03344, 0.029999999999999995
0.03255999999999999, 0.029999999999999995
0.032560000000000006, 0.029999999999999995
0.032560000000000006, 0.03176
0.03208, 0.03176
0.03208, 0.03176
0.03208, 0.031599999999999996
0.03208, 0.031599999999999996
0.03208, 0.029759999999999998
0.03208, 0.0304
0.03208, 0.03176
0.03208, 0.032240000000000005
0.03287999999999999, 0.032240000000000005
0.03287999999999999, 0.03376
0.03287999999999999, 0.03216
0.03287999999999999, 0.03216
0.034319999999999996, 0.03216
0.032560000000000006, 0.03216
0.03104, 0.03216
0.03104, 0.032560000000000006
0.03144, 0.032560000000000006
0.03144, 0.033519999999999994
0.03144, 0.0324
0.03144, 0.03152
0.032240000000000005, 0.03152
0.031200000000000002, 0.03152
0.031200000000000002, 0.03152
0.031200000000000002, 0.03152
0.031200000000000002, 0.030160000000000006
0.031200000000000002, 0.030160000000000006
0.031200000000000002, 0.02992
0.031200000000000002, 0.028159999999999998
0.031200000000000002, 0.0296
0.031200000000000002, 0.0296
0.031200000000000002, 0.0296
0.029759999999999998, 0.0296
0.029759999999999998, 0.02904
0.029759999999999998, 0.0276
0.029759999999999998, 0.02664
0.03056, 0.02664
0.03056, 0.0268
0.02984, 0.0268
0.02984, 0.0268
0.02984, 0.0268
0.02984, 0.02864
0.028319999999999998, 0.02864
0.0292, 0.02864
0.0292, 0.0288
0.028399999999999998, 0.0288
0.02712, 0.0288
0.02712, 0.0288
0.02712, 0.0292
0.027120000000000002, 0.0292
0.02736, 0.0292
0.02912, 0.0292
0.02912, 0.0292
0.02912, 0.0296
0.02912, 0.031200000000000002
0.029199999999999993, 0.031200000000000002
0.0292, 0.031200000000000002
0.0292, 0.031200000000000002
0.029039999999999996, 0.031200000000000002
0.02936, 0.031200000000000002
0.027679999999999996, 0.031200000000000002
0.027679999999999996, 0.02952
0.027679999999999996, 0.02896
0.027679999999999996, 0.029679999999999998
0.027679999999999996, 0.029679999999999998
0.027039999999999998, 0.029679999999999998
0.025679999999999994, 0.029679999999999998
0.025679999999999994, 0.03152
0.02568, 0.03152
0.02568, 0.02984
